event_idx,timestamp,event_type,event_side,event_direction,quality_score,tradeable_score,nearest_displacement_distance,displacement_same_bar,displacement_pm1,displacement_pm2
17041,2014-07-03 09:00:00+00:00,bos,bear,-1.0,0.2957263714807116,0.4457263714807116,9.0,0,0,0
17067,2014-07-09 21:00:00+00:00,bos,bull,1.0,0.4544973882244288,0.6044973882244288,35.0,0,0,0
17069,2014-07-10 05:00:00+00:00,bos,bull,1.0,0.6988060450491969,0.9488060450491969,37.0,0,0,0
17080,2014-07-14 01:00:00+00:00,bos,bear,-1.0,0.5934927768318227,0.9434927768318228,30.0,0,0,0
17089,2014-07-15 13:00:00+00:00,bos,bear,-1.0,0.6349643757985193,0.7849643757985193,21.0,0,0,0
17128,2014-07-24 01:00:00+00:00,bos,bear,-1.0,0.30676603549777265,0.5067660354977727,5.0,0,0,0
17161,2014-07-31 13:00:00+00:00,bos,bear,-1.0,0.4891044202069346,0.7391044202069346,4.0,0,0,0
17192,2014-08-07 17:00:00+00:00,bos,bull,1.0,0.2441069180161816,0.4441069180161816,5.0,0,0,0
17248,2014-08-21 01:00:00+00:00,bos,bear,-1.0,0.39282869304465046,0.5428286930446504,1.0,0,1,1
17322,2014-09-08 13:00:00+00:00,bos,bear,-1.0,0.25060909998302333,0.4006090999830233,5.0,0,0,0
17328,2014-09-09 13:00:00+00:00,bos,bear,-1.0,0.45610424645014663,0.6061042464501466,1.0,0,1,1
17334,2014-09-10 13:00:00+00:00,bos,bear,-1.0,0.44963778263845705,0.599637782638457,7.0,0,0,0
17339,2014-09-11 09:00:00+00:00,bos,bear,-1.0,0.28509484360530024,0.43509484360530026,12.0,0,0,0
17346,2014-09-12 13:00:00+00:00,bos,bear,-1.0,0.38667790443671446,0.5366779044367145,17.0,0,0,0
17365,2014-09-17 17:00:00+00:00,bos,bear,-1.0,0.6739142952851576,0.9239142952851576,2.0,0,0,1
17456,2014-10-08 21:00:00+00:00,bos,bull,1.0,0.2870133899834073,0.5370133899834073,15.0,0,0,0
17483,2014-10-15 09:00:00+00:00,bos,bull,1.0,0.48752821106577904,0.6375282110657791,1.0,0,1,1
17533,2014-10-27 17:00:00+00:00,bos,bear,-1.0,0.4379268846199058,0.6379268846199059,51.0,0,0,0
17545,2014-10-29 17:00:00+00:00,bos,bear,-1.0,0.7614890226585747,1.0,52.0,0,0,0
17548,2014-10-30 05:00:00+00:00,bos,bear,-1.0,0.35878462328946986,0.5587846232894699,49.0,0,0,0
17553,2014-10-31 01:00:00+00:00,bos,bear,-1.0,0.686435707869964,0.936435707869964,44.0,0,0,0
17626,2014-11-18 06:00:00+00:00,bos,bull,1.0,0.4647645373908806,0.5647645373908806,9.0,0,0,0
17672,2014-11-28 02:00:00+00:00,bos,bear,-1.0,0.2449737152365743,0.3449737152365743,0.0,1,1,1
17675,2014-11-28 14:00:00+00:00,bos,bear,-1.0,0.7155537225511558,0.9155537225511559,3.0,0,0,0
17716,2014-12-09 10:00:00+00:00,bos,bull,1.0,0.6228390178024654,0.8228390178024655,34.0,0,0,0
17740,2014-12-15 10:00:00+00:00,bos,bear,-1.0,0.13699915130296728,0.23699915130296725,10.0,0,0,0
17801,2014-12-30 14:00:00+00:00,bos,bull,1.0,0.37544060997332496,0.575440609973325,11.0,0,0,0
17850,2015-01-12 18:00:00+00:00,bos,bull,1.0,0.2781623986116239,0.47816239861162385,60.0,0,0,0
17866,2015-01-15 10:00:00+00:00,bos,bull,1.0,0.5185513637595012,0.6685513637595012,76.0,0,0,0
17873,2015-01-16 14:00:00+00:00,bos,bull,1.0,0.4542509055097704,0.7042509055097704,80.0,0,0,0
17882,2015-01-20 06:00:00+00:00,bos,bull,1.0,0.6651031982545547,0.8651031982545546,71.0,0,0,0
17887,2015-01-21 02:00:00+00:00,bos,bull,1.0,0.33119046765470633,0.5311904676547063,66.0,0,0,0
17961,2015-02-06 10:00:00+00:00,bos,bear,-1.0,0.6437366087684688,0.9437366087684689,8.0,0,0,0
16010,2015-02-18 14:00:00+00:00,bos,bear,-1.0,0.4845303600966859,0.6845303600966859,16.0,0,0,0
16026,2015-02-23 06:00:00+00:00,bos,bear,-1.0,0.5451134439024147,0.6451134439024148,0.0,1,1,1
16044,2015-02-26 06:00:00+00:00,bos,bull,1.0,0.574237916306376,0.624237916306376,18.0,0,0,0
16091,2015-03-10 01:00:00+00:00,bos,bear,-1.0,0.2764813128190642,0.4764813128190642,6.0,0,0,0
16100,2015-03-11 13:00:00+00:00,bos,bear,-1.0,0.3678368261871262,0.6178368261871263,15.0,0,0,0
16142,2015-03-20 13:00:00+00:00,bos,bull,1.0,0.3771391097599911,0.5771391097599912,9.0,0,0,0
16149,2015-03-23 17:00:00+00:00,bos,bull,1.0,0.1963882854101201,0.4463882854101201,2.0,0,0,1
16154,2015-03-24 13:00:00+00:00,bos,bull,1.0,0.36278637725143803,0.6127863772514381,3.0,0,0,0
16159,2015-03-25 09:00:00+00:00,bos,bull,1.0,0.3375713766612365,0.5875713766612366,8.0,0,0,0
16164,2015-03-26 05:00:00+00:00,bos,bull,1.0,0.7171752670079149,0.967175267007915,13.0,0,0,0
16182,2015-03-31 05:00:00+00:00,bos,bear,-1.0,0.23401037379021772,0.3340103737902177,31.0,0,0,0
16285,2015-04-24 09:00:00+00:00,bos,bear,-1.0,0.5146763301737995,0.6646763301737996,9.0,0,0,0
16309,2015-04-30 09:00:00+00:00,bos,bear,-1.0,0.7728859964131518,1.0,11.0,0,0,0
16316,2015-05-01 13:00:00+00:00,bos,bear,-1.0,0.19268945748501096,0.39268945748501094,4.0,0,0,0
16428,2015-05-28 09:00:00+00:00,bos,bear,-1.0,0.42072634982963003,0.62072634982963,6.0,0,0,0
16440,2015-06-01 09:00:00+00:00,bos,bull,1.0,0.6869331025309066,0.8369331025309066,6.0,0,0,0
16458,2015-06-04 09:00:00+00:00,bos,bear,-1.0,0.5408817966852212,0.7408817966852212,24.0,0,0,0
16464,2015-06-05 09:00:00+00:00,bos,bear,-1.0,0.6724215487287198,0.9724215487287199,30.0,0,0,0
16481,2015-06-10 05:00:00+00:00,bos,bull,1.0,0.46110297445517107,0.5611029744551711,22.0,0,0,0
16536,2015-06-23 09:00:00+00:00,bos,bear,-1.0,0.40104512021302835,0.4510451202130284,0.0,1,1,1
16542,2015-06-24 09:00:00+00:00,bos,bear,-1.0,0.2491455458617718,0.3491455458617717,6.0,0,0,0
16577,2015-07-02 05:00:00+00:00,bos,bear,-1.0,0.229190631031139,0.429190631031139,16.0,0,0,0
16595,2015-07-07 09:00:00+00:00,bos,bear,-1.0,0.6936026984573455,0.9936026984573455,2.0,0,0,1
16643,2015-07-17 09:00:00+00:00,bos,bear,-1.0,0.7690887886340138,1.0,48.0,0,0,0
16670,2015-07-23 21:00:00+00:00,bos,bear,-1.0,0.34075233300150365,0.49075233300150367,21.0,0,0,0
16744,2015-08-11 05:00:00+00:00,bos,bull,1.0,0.5702978461326714,0.7202978461326714,0.0,1,1,1
16752,2015-08-12 13:00:00+00:00,bos,bull,1.0,0.4037142629931258,0.5537142629931258,5.0,0,0,0
16821,2015-08-28 01:00:00+00:00,bos,bull,1.0,0.13321666794542136,0.2332166679454213,1.0,0,1,1
16833,2015-09-01 01:00:00+00:00,bos,bull,1.0,0.19956741925514362,0.29956741925514363,13.0,0,0,0
16853,2015-09-04 09:00:00+00:00,bos,bear,-1.0,0.40882820946621623,0.45882820946621633,1.0,0,1,1
16882,2015-09-11 09:00:00+00:00,bos,bear,-1.0,0.5982570633963237,0.8982570633963237,5.0,0,0,0
16908,2015-09-17 17:00:00+00:00,bos,bull,1.0,0.7270144933289995,0.9270144933289995,31.0,0,0,0
16911,2015-09-18 05:00:00+00:00,bos,bull,1.0,0.6122125552980636,0.9122125552980637,31.0,0,0,0
16952,2015-09-29 01:00:00+00:00,bos,bear,-1.0,0.5251705177594692,0.7251705177594693,10.0,0,0,0
16957,2015-09-29 21:00:00+00:00,bos,bear,-1.0,0.23715170838253724,0.4371517083825372,10.0,0,0,0
16971,2015-10-02 05:00:00+00:00,bos,bear,-1.0,0.5824131770413606,0.6824131770413607,4.0,0,0,0
16984,2015-10-06 09:00:00+00:00,bos,bull,1.0,0.5860118124375215,0.7860118124375216,1.0,0,1,1
15023,2015-10-14 17:00:00+00:00,bos,bull,1.0,0.3135730343773287,0.6135730343773287,41.0,0,0,0
15042,2015-10-19 21:00:00+00:00,bos,bear,-1.0,0.18862784494319235,0.2886278449431923,60.0,0,0,0
15063,2015-10-23 09:00:00+00:00,bos,bear,-1.0,0.46435638279118,0.76435638279118,81.0,0,0,0
15083,2015-10-28 17:00:00+00:00,bos,bear,-1.0,0.5932793975593639,0.8932793975593639,65.0,0,0,0
15094,2015-10-30 13:00:00+00:00,bos,bear,-1.0,0.1986307801550119,0.3986307801550119,54.0,0,0,0
15101,2015-11-02 18:00:00+00:00,bos,bear,-1.0,0.1993337390210203,0.44933373902102025,47.0,0,0,0
15105,2015-11-03 10:00:00+00:00,bos,bear,-1.0,0.5436687723020439,0.743668772302044,43.0,0,0,0
15112,2015-11-04 14:00:00+00:00,bos,bear,-1.0,0.49334650246944106,0.793346502469441,36.0,0,0,0
15119,2015-11-05 18:00:00+00:00,bos,bear,-1.0,0.3362028175203186,0.5362028175203186,29.0,0,0,0
15123,2015-11-06 10:00:00+00:00,bos,bear,-1.0,0.7585687395169747,1.0,25.0,0,0,0
15147,2015-11-12 10:00:00+00:00,bos,bear,-1.0,0.5809031288353014,0.8309031288353014,1.0,0,1,1
15400,2016-01-13 06:00:00+00:00,bos,bear,-1.0,0.291123703323741,0.39112370332374097,2.0,0,0,1
15408,2016-01-14 14:00:00+00:00,bos,bear,-1.0,0.32801955242074116,0.5280195524207412,6.0,0,0,0
15457,2016-01-26 18:00:00+00:00,bos,bull,1.0,0.2117784058773654,0.31177840587736544,6.0,0,0,0
15463,2016-01-27 18:00:00+00:00,bos,bull,1.0,0.38478493835082966,0.5847849383508297,12.0,0,0,0
15492,2016-02-03 14:00:00+00:00,bos,bull,1.0,0.7173680779635407,1.0,3.0,0,0,0
15496,2016-02-04 06:00:00+00:00,bos,bull,1.0,0.24862652665147988,0.34862652665147986,1.0,0,1,1
15506,2016-02-07 22:00:00+00:00,bos,bull,1.0,0.3588628226424311,0.6588628226424311,9.0,0,0,0
15509,2016-02-08 10:00:00+00:00,bos,bull,1.0,0.5521762061863159,0.752176206186316,12.0,0,0,0
15621,2016-03-04 06:00:00+00:00,bos,bull,1.0,0.4840761884738482,0.5340761884738482,7.0,0,0,0
15675,2016-03-17 05:00:00+00:00,bos,bull,1.0,0.4944031833004881,0.5944031833004881,9.0,0,0,0
15698,2016-03-23 01:00:00+00:00,bos,bear,-1.0,0.44117143486255983,0.6411714348625599,4.0,0,0,0
15769,2016-04-10 21:00:00+00:00,bos,bull,1.0,0.5849152306368154,0.8849152306368154,5.0,0,0,0
15849,2016-04-28 05:00:00+00:00,bos,bull,1.0,0.34004671584395063,0.5400467158439507,15.0,0,0,0
15937,2016-05-18 21:00:00+00:00,bos,bear,-1.0,0.2811484140001622,0.4311484140001623,7.0,0,0,0
15958,2016-05-24 09:00:00+00:00,bos,bear,-1.0,0.5364651276960124,0.7364651276960125,17.0,0,0,0
15979,2016-05-29 21:00:00+00:00,bos,bear,-1.0,0.6135678440575567,0.6635678440575568,1.0,0,1,1
14036,2016-06-10 09:00:00+00:00,bos,bull,1.0,0.5628316728279553,0.7628316728279554,8.0,0,0,0
14040,2016-06-13 01:00:00+00:00,bos,bull,1.0,0.5512400019965061,0.8512400019965062,12.0,0,0,0
14078,2016-06-21 09:00:00+00:00,bos,bear,-1.0,0.3644448755751846,0.41444487557518467,21.0,0,0,0
14140,2016-07-05 21:00:00+00:00,bos,bull,1.0,0.670059769077266,0.9700597690772661,8.0,0,0,0
14233,2016-07-27 09:00:00+00:00,bos,bull,1.0,0.4484208973703391,0.6484208973703391,16.0,0,0,0
14275,2016-08-05 09:00:00+00:00,bos,bear,-1.0,0.6403398378981489,0.9403398378981489,26.0,0,0,0
14301,2016-08-11 17:00:00+00:00,bos,bear,-1.0,0.3148805173992083,0.5148805173992084,10.0,0,0,0
14368,2016-08-28 21:00:00+00:00,bos,bear,-1.0,0.2706057116821329,0.4706057116821329,4.0,0,0,0
14378,2016-08-30 13:00:00+00:00,bos,bear,-1.0,0.35206411210670446,0.5520641121067045,14.0,0,0,0
14384,2016-08-31 13:00:00+00:00,bos,bear,-1.0,0.21662214345420383,0.46662214345420383,20.0,0,0,0
14405,2016-09-06 05:00:00+00:00,bos,bull,1.0,0.49621579147262007,0.5962157914726202,0.0,1,1,1
14419,2016-09-08 13:00:00+00:00,bos,bear,-1.0,0.44631801510193597,0.646318015101936,8.0,0,0,0
14438,2016-09-13 17:00:00+00:00,bos,bear,-1.0,0.20968977527651206,0.409689775276512,4.0,0,0,0
14448,2016-09-15 09:00:00+00:00,bos,bear,-1.0,0.45691370284710325,0.6069137028471032,6.0,0,0,0
14521,2016-10-03 13:00:00+00:00,bos,bear,-1.0,0.2576705750181634,0.30767057501816336,12.0,0,0,0
14525,2016-10-04 05:00:00+00:00,bos,bear,-1.0,0.2682649543118522,0.46826495431185217,16.0,0,0,0
14538,2016-10-06 09:00:00+00:00,bos,bear,-1.0,0.6509361000525413,0.9509361000525414,11.0,0,0,0
14646,2016-11-01 09:00:00+00:00,bos,bull,1.0,0.4580123192143882,0.6580123192143882,0.0,1,1,1
14695,2016-11-11 14:00:00+00:00,bos,bear,-1.0,0.6418136185051788,0.6918136185051789,22.0,0,0,0
14772,2016-11-30 14:00:00+00:00,bos,bear,-1.0,0.4188613059904067,0.4688613059904068,13.0,0,0,0
14814,2016-12-09 14:00:00+00:00,bos,bear,-1.0,0.41834417832518944,0.46834417832518954,6.0,0,0,0
14837,2016-12-15 10:00:00+00:00,bos,bear,-1.0,0.27952181586520564,0.47952181586520565,1.0,0,1,1
14877,2016-12-27 02:00:00+00:00,bos,bull,1.0,0.40726894154785576,0.6072689415478558,33.0,0,0,0
14893,2016-12-29 18:00:00+00:00,bos,bull,1.0,0.27664781310138253,0.47664781310138254,24.0,0,0,0
14914,2017-01-05 06:00:00+00:00,bos,bull,1.0,0.20007791847714207,0.25007791847714206,3.0,0,0,0
14942,2017-01-11 22:00:00+00:00,bos,bull,1.0,0.42166830246140813,0.6216683024614081,9.0,0,0,0
14983,2017-01-22 22:00:00+00:00,bos,bull,1.0,0.5964996166544401,0.6964996166544402,1.0,0,1,1
13021,2017-01-31 02:00:00+00:00,bos,bull,1.0,0.3286453278715102,0.4286453278715102,14.0,0,0,0
13024,2017-01-31 14:00:00+00:00,bos,bull,1.0,0.4725194429311478,0.5225194429311478,11.0,0,0,0
13033,2017-02-02 02:00:00+00:00,bos,bull,1.0,0.34265652994584234,0.44265652994584237,2.0,0,0,1
13059,2017-02-08 10:00:00+00:00,bos,bull,1.0,0.2751273617540468,0.5251273617540467,4.0,0,0,0
13111,2017-02-21 06:00:00+00:00,bos,bear,-1.0,0.3647873555885807,0.41478735558858076,7.0,0,0,0
13145,2017-02-28 22:00:00+00:00,bos,bear,-1.0,0.3000803236089806,0.6000803236089807,11.0,0,0,0
13155,2017-03-02 14:00:00+00:00,bos,bear,-1.0,0.31290246392380155,0.5129024639238016,1.0,0,1,1
13158,2017-03-03 02:00:00+00:00,bos,bear,-1.0,0.23137396671337457,0.2813739667133745,1.0,0,1,1
13172,2017-03-07 10:00:00+00:00,bos,bear,-1.0,0.18248496446452497,0.38248496446452496,2.0,0,0,1
13177,2017-03-08 06:00:00+00:00,bos,bear,-1.0,0.31249496916546593,0.36249496916546603,1.0,0,1,1
13186,2017-03-09 18:00:00+00:00,bos,bear,-1.0,0.27151358146391275,0.4715135814639127,10.0,0,0,0
13204,2017-03-14 17:00:00+00:00,bos,bear,-1.0,0.34867723229506387,0.39867723229506397,28.0,0,0,0
13238,2017-03-22 09:00:00+00:00,bos,bull,1.0,0.40769880252392127,0.5076988025239213,40.0,0,0,0
13275,2017-03-30 13:00:00+00:00,bos,bear,-1.0,0.2526664165214743,0.45266641652147427,3.0,0,0,0
13307,2017-04-06 21:00:00+00:00,bos,bull,1.0,0.6578562794067044,0.8078562794067045,1.0,0,1,1
13330,2017-04-12 17:00:00+00:00,bos,bull,1.0,0.7011126918582626,0.8511126918582627,4.0,0,0,0
13337,2017-04-16 21:00:00+00:00,bos,bull,1.0,0.234230345231615,0.284230345231615,6.0,0,0,0
13352,2017-04-19 09:00:00+00:00,bos,bear,-1.0,0.19688051286820984,0.24688051286820983,5.0,0,0,0
13377,2017-04-25 13:00:00+00:00,bos,bear,-1.0,0.3367532691418548,0.5367532691418548,3.0,0,0,0
13412,2017-05-03 09:00:00+00:00,bos,bear,-1.0,0.2310991149097263,0.48109911490972623,16.0,0,0,0
13418,2017-05-04 09:00:00+00:00,bos,bear,-1.0,0.6347590686660383,0.8347590686660383,10.0,0,0,0
13453,2017-05-12 05:00:00+00:00,bos,bull,1.0,0.33972964512115417,0.48972964512115424,2.0,0,0,1
13460,2017-05-15 09:00:00+00:00,bos,bull,1.0,0.16292199744991367,0.36292199744991366,3.0,0,0,0
13467,2017-05-16 13:00:00+00:00,bos,bull,1.0,0.38883377884493653,0.43883377884493663,3.0,0,0,0
13470,2017-05-17 01:00:00+00:00,bos,bull,1.0,0.26499646946634287,0.3149964694663428,0.0,1,1,1
13522,2017-05-29 21:00:00+00:00,bos,bull,1.0,0.27340778288112627,0.5234077828811262,13.0,0,0,0
13532,2017-05-31 13:00:00+00:00,bos,bull,1.0,0.4230219629671271,0.4730219629671271,3.0,0,0,0
13553,2017-06-06 01:00:00+00:00,bos,bull,1.0,0.48666164853892996,0.58666164853893,6.0,0,0,0
13573,2017-06-09 09:00:00+00:00,bos,bear,-1.0,0.4803975286423205,0.5303975286423205,4.0,0,0,0
13585,2017-06-13 09:00:00+00:00,bos,bear,-1.0,0.11108769223753076,0.16108769223753072,1.0,0,1,1
13609,2017-06-19 09:00:00+00:00,bos,bear,-1.0,0.4038103601587007,0.45381036015870074,7.0,0,0,0
13615,2017-06-20 09:00:00+00:00,bos,bear,-1.0,0.32715208224406117,0.5271520822440612,13.0,0,0,0
13632,2017-06-23 05:00:00+00:00,bos,bull,1.0,0.3802257516092276,0.43022575160922766,0.0,1,1,1
13666,2017-07-02 21:00:00+00:00,bos,bear,-1.0,0.330779502388493,0.530779502388493,7.0,0,0,0
13707,2017-07-11 21:00:00+00:00,bos,bull,1.0,0.23317990363964472,0.2831799036396447,15.0,0,0,0
13728,2017-07-17 09:00:00+00:00,bos,bull,1.0,0.48446976349135457,0.5344697634913546,1.0,0,1,1
13733,2017-07-18 05:00:00+00:00,bos,bull,1.0,0.13696263617837556,0.18696263617837555,1.0,0,1,1
13751,2017-07-21 05:00:00+00:00,bos,bull,1.0,0.31217009393565326,0.41217009393565335,17.0,0,0,0
13782,2017-07-28 09:00:00+00:00,bos,bull,1.0,0.3836235161507818,0.5836235161507818,12.0,0,0,0
13804,2017-08-03 01:00:00+00:00,bos,bear,-1.0,0.1627089269662999,0.3627089269662999,10.0,0,0,0
13871,2017-08-18 05:00:00+00:00,bos,bull,1.0,0.5063633454302329,0.7063633454302329,23.0,0,0,0
13923,2017-08-30 21:00:00+00:00,bos,bear,-1.0,0.27520504257643896,0.475205042576439,2.0,0,0,1
13935,2017-09-03 21:00:00+00:00,bos,bull,1.0,0.3612124171643491,0.5612124171643491,10.0,0,0,0
13997,2017-09-18 09:00:00+00:00,bos,bear,-1.0,0.25920572331395697,0.35920572331395695,31.0,0,0,0
12061,2017-10-02 21:00:00+00:00,bos,bear,-1.0,0.20811678013486418,0.2581167801348641,12.0,0,0,0
12082,2017-10-06 09:00:00+00:00,bos,bear,-1.0,0.6639175457533751,0.9639175457533752,9.0,0,0,0
12091,2017-10-09 21:00:00+00:00,bos,bull,1.0,0.15380861398829698,0.20380861398829692,18.0,0,0,0
12112,2017-10-13 09:00:00+00:00,bos,bull,1.0,0.5387437254811873,0.7387437254811874,15.0,0,0,0
12167,2017-10-26 13:00:00+00:00,bos,bear,-1.0,0.5053928569252327,0.5553928569252328,21.0,0,0,0
12179,2017-10-30 13:00:00+00:00,bos,bull,1.0,0.27594229477616466,0.5259422947761646,15.0,0,0,0
12244,2017-11-14 10:00:00+00:00,bos,bear,-1.0,0.21860216549316017,0.3186021654931601,4.0,0,0,0
12280,2017-11-22 10:00:00+00:00,bos,bull,1.0,0.24830745681695576,0.34830745681695574,2.0,0,0,1
12309,2017-11-29 10:00:00+00:00,bos,bear,-1.0,0.4968980633882067,0.7468980633882067,31.0,0,0,0
12334,2017-12-05 14:00:00+00:00,bos,bear,-1.0,0.6554473117331299,0.8554473117331299,9.0,0,0,0
12343,2017-12-07 02:00:00+00:00,bos,bear,-1.0,0.38644085767879993,0.6364408576788,0.0,1,1,1
12359,2017-12-11 18:00:00+00:00,bos,bear,-1.0,0.36766993615787613,0.5676699361578762,16.0,0,0,0
12364,2017-12-12 14:00:00+00:00,bos,bear,-1.0,0.3455459269382179,0.5455459269382179,21.0,0,0,0
12381,2017-12-15 10:00:00+00:00,bos,bull,1.0,0.2441972627203565,0.4441972627203565,12.0,0,0,0
12388,2017-12-18 14:00:00+00:00,bos,bull,1.0,0.43348157722913866,0.6334815772291387,5.0,0,0,0
12400,2017-12-20 14:00:00+00:00,bos,bull,1.0,0.2703432699183816,0.5203432699183815,7.0,0,0,0
12412,2017-12-22 14:00:00+00:00,bos,bull,1.0,0.7544552151250855,1.0,3.0,0,0,0
12416,2017-12-26 06:00:00+00:00,bos,bull,1.0,0.364746519879284,0.564746519879284,7.0,0,0,0
12422,2017-12-27 06:00:00+00:00,bos,bull,1.0,0.5093670966776923,0.6093670966776924,13.0,0,0,0
12426,2017-12-27 22:00:00+00:00,bos,bull,1.0,0.27609630422178627,0.3260963042217862,17.0,0,0,0
12487,2018-01-12 02:00:00+00:00,bos,bull,1.0,0.462092724480943,0.662092724480943,16.0,0,0,0
12532,2018-01-23 18:00:00+00:00,bos,bull,1.0,0.3785536081333761,0.5785536081333761,6.0,0,0,0
12597,2018-02-07 14:00:00+00:00,bos,bear,-1.0,0.42667225140617276,0.4766722514061728,13.0,0,0,0
12601,2018-02-08 06:00:00+00:00,bos,bear,-1.0,0.17382571992220103,0.27382571992220095,17.0,0,0,0
12619,2018-02-13 06:00:00+00:00,bos,bull,1.0,0.1914577400454463,0.2914577400454462,19.0,0,0,0
12623,2018-02-13 22:00:00+00:00,bos,bull,1.0,0.22022829890074025,0.42022829890074026,15.0,0,0,0
12627,2018-02-14 14:00:00+00:00,bos,bull,1.0,0.7450584697231206,1.0,11.0,0,0,0
12636,2018-02-16 02:00:00+00:00,bos,bull,1.0,0.2554376731519076,0.4554376731519076,2.0,0,0,1
12652,2018-02-20 22:00:00+00:00,bos,bear,-1.0,0.41813515769353293,0.618135157693533,4.0,0,0,0
12657,2018-02-21 18:00:00+00:00,bos,bear,-1.0,0.23779542380048785,0.4377954238004878,1.0,0,1,1
12690,2018-03-01 06:00:00+00:00,bos,bear,-1.0,0.3892368085958142,0.4392368085958143,20.0,0,0,0
12709,2018-03-06 10:00:00+00:00,bos,bull,1.0,0.5551154624542876,0.7051154624542876,1.0,0,1,1
12740,2018-03-13 13:00:00+00:00,bos,bull,1.0,0.1371996985283649,0.4371996985283649,0.0,1,1,1
12757,2018-03-16 09:00:00+00:00,bos,bear,-1.0,0.3992347502283466,0.5492347502283466,1.0,0,1,1
12784,2018-03-22 21:00:00+00:00,bos,bull,1.0,0.5878674610299123,0.7378674610299123,13.0,0,0,0
12793,2018-03-26 09:00:00+00:00,bos,bull,1.0,0.34914842985820566,0.5491484298582057,4.0,0,0,0
12853,2018-04-10 09:00:00+00:00,bos,bull,1.0,0.2376938240000897,0.3376938240000897,30.0,0,0,0
12889,2018-04-18 09:00:00+00:00,bos,bull,1.0,0.36828447364601236,0.41828447364601246,5.0,0,0,0
12901,2018-04-20 09:00:00+00:00,bos,bear,-1.0,0.33879470237118847,0.5387947023711885,7.0,0,0,0
12907,2018-04-23 09:00:00+00:00,bos,bear,-1.0,0.4630175184700939,0.6630175184700939,13.0,0,0,0
12926,2018-04-26 13:00:00+00:00,bos,bear,-1.0,0.44214033532692715,0.6921403353269272,0.0,1,1,1
12937,2018-04-30 09:00:00+00:00,bos,bear,-1.0,0.5556948928870702,0.7056948928870702,11.0,0,0,0
12942,2018-05-01 05:00:00+00:00,bos,bear,-1.0,0.30381648142737155,0.5038164814273716,16.0,0,0,0
12955,2018-05-03 09:00:00+00:00,bos,bull,1.0,0.20485910298448,0.25485910298447995,4.0,0,0,0
12990,2018-05-11 05:00:00+00:00,bos,bull,1.0,0.5723363271054442,0.6223363271054443,2.0,0,0,1
11039,2018-05-23 05:00:00+00:00,bos,bull,1.0,0.48681268925317117,0.6868126892531712,2.0,0,0,1
11081,2018-06-01 09:00:00+00:00,bos,bear,-1.0,0.3751322344687873,0.5751322344687874,2.0,0,0,1
11161,2018-06-20 17:00:00+00:00,bos,bear,-1.0,0.4421082887323582,0.5421082887323583,0.0,1,1,1
11191,2018-06-27 17:00:00+00:00,bos,bear,-1.0,0.3264620132993079,0.526462013299308,0.0,1,1,1
11249,2018-07-11 13:00:00+00:00,bos,bear,-1.0,0.6591654965171085,0.9591654965171086,3.0,0,0,0
11260,2018-07-13 09:00:00+00:00,bos,bear,-1.0,0.1446973455735157,0.24469734557351566,8.0,0,0,0
11283,2018-07-19 05:00:00+00:00,bos,bear,-1.0,0.5486694620833952,0.6986694620833953,11.0,0,0,0
11385,2018-08-13 05:00:00+00:00,bos,bear,-1.0,0.5754940587380122,0.7254940587380122,16.0,0,0,0
11396,2018-08-15 01:00:00+00:00,bos,bear,-1.0,0.44317439585706314,0.6431743958570632,5.0,0,0,0
11418,2018-08-20 17:00:00+00:00,bos,bull,1.0,0.24258388748091553,0.44258388748091554,5.0,0,0,0
11448,2018-08-27 17:00:00+00:00,bos,bull,1.0,0.4893883769441311,0.5393883769441311,4.0,0,0,0
11451,2018-08-28 05:00:00+00:00,bos,bull,1.0,0.43947526419242183,0.5394752641924219,7.0,0,0,0
11511,2018-09-11 09:00:00+00:00,bos,bear,-1.0,0.41913803262788274,0.6191380326278828,6.0,0,0,0
11518,2018-09-12 13:00:00+00:00,bos,bull,1.0,0.7192474133886555,0.8692474133886555,13.0,0,0,0
11523,2018-09-13 09:00:00+00:00,bos,bull,1.0,0.32662853481904836,0.3766285348190484,18.0,0,0,0
11530,2018-09-14 13:00:00+00:00,bos,bear,-1.0,0.39096965889093177,0.5909696588909318,16.0,0,0,0
11555,2018-09-20 17:00:00+00:00,bos,bull,1.0,0.14652006015935173,0.1965200601593517,9.0,0,0,0
11583,2018-09-27 09:00:00+00:00,bos,bear,-1.0,0.7188283845476461,0.918828384547646,11.0,0,0,0
11643,2018-10-11 09:00:00+00:00,bos,bull,1.0,0.47230445779092123,0.6223044577909213,8.0,0,0,0
11654,2018-10-15 05:00:00+00:00,bos,bull,1.0,0.565975357524935,0.715975357524935,12.0,0,0,0
11763,2018-11-08 10:00:00+00:00,bos,bear,-1.0,0.1033571028253636,0.15335710282536358,5.0,0,0,0
11769,2018-11-09 10:00:00+00:00,bos,bear,-1.0,0.6590259208534915,0.8590259208534915,11.0,0,0,0
11775,2018-11-12 10:00:00+00:00,bos,bear,-1.0,0.2118076520411573,0.31180765204115723,17.0,0,0,0
11780,2018-11-13 06:00:00+00:00,bos,bear,-1.0,0.3655106655388524,0.5655106655388524,22.0,0,0,0
11799,2018-11-16 10:00:00+00:00,bos,bull,1.0,0.6976076868717938,0.8476076868717938,41.0,0,0,0
11842,2018-11-27 18:00:00+00:00,bos,bear,-1.0,0.35635864714184823,0.5063586471418482,8.0,0,0,0
11889,2018-12-07 14:00:00+00:00,bos,bull,1.0,0.34612630190095905,0.5461263019009591,21.0,0,0,0
11917,2018-12-14 06:00:00+00:00,bos,bear,-1.0,0.2363843028019551,0.4863843028019551,0.0,1,1,1
11955,2018-12-24 14:00:00+00:00,bos,bull,1.0,0.3831781966451111,0.4331781966451112,10.0,0,0,0
11959,2018-12-26 02:00:00+00:00,bos,bull,1.0,0.285912851039734,0.33591285103973395,6.0,0,0,0
11983,2019-01-02 02:00:00+00:00,bos,bull,1.0,0.511865243339414,0.711865243339414,12.0,0,0,0
11989,2019-01-03 02:00:00+00:00,bos,bull,1.0,0.24605501603678287,0.34605501603678285,6.0,0,0,0
11993,2019-01-03 18:00:00+00:00,bos,bull,1.0,0.33872119495754044,0.43872119495754053,2.0,0,0,1
10098,2019-01-29 06:00:00+00:00,bos,bull,1.0,0.47627246529904627,0.5762724652990463,4.0,0,0,0
10107,2019-01-30 18:00:00+00:00,bos,bull,1.0,0.5417557661330998,0.7917557661331,13.0,0,0,0
10111,2019-01-31 10:00:00+00:00,bos,bull,1.0,0.536686691925481,0.6366866919254811,17.0,0,0,0
10189,2019-02-19 14:00:00+00:00,bos,bull,1.0,0.7837479334135098,1.0,6.0,0,0,0
10202,2019-02-21 18:00:00+00:00,bos,bear,-1.0,0.5429095216318077,0.7429095216318078,5.0,0,0,0
10225,2019-02-27 14:00:00+00:00,bos,bear,-1.0,0.5325803035976462,0.7325803035976463,7.0,0,0,0
10231,2019-02-28 14:00:00+00:00,bos,bear,-1.0,0.5142204907346601,0.5642204907346602,6.0,0,0,0
10241,2019-03-04 06:00:00+00:00,bos,bear,-1.0,0.4902251177892885,0.5402251177892885,4.0,0,0,0
10281,2019-03-12 21:00:00+00:00,bos,bull,1.0,0.36997258922830545,0.5699725892283055,22.0,0,0,0
10308,2019-03-19 09:00:00+00:00,bos,bull,1.0,0.448746022252907,0.5987460222529071,5.0,0,0,0
10389,2019-04-07 21:00:00+00:00,bos,bull,1.0,0.46473611969243456,0.5147361196924346,28.0,0,0,0
10398,2019-04-09 09:00:00+00:00,bos,bull,1.0,0.29395246244569906,0.49395246244569907,37.0,0,0,0
10405,2019-04-10 13:00:00+00:00,bos,bull,1.0,0.3665643016909875,0.46656430169098767,44.0,0,0,0
10418,2019-04-12 17:00:00+00:00,bos,bear,-1.0,0.38261481488692195,0.43261481488692205,57.0,0,0,0
10428,2019-04-16 09:00:00+00:00,bos,bear,-1.0,0.6249613080058886,0.7249613080058886,67.0,0,0,0
10437,2019-04-17 21:00:00+00:00,bos,bear,-1.0,0.10299435081364477,0.1529943508136447,60.0,0,0,0
10472,2019-04-26 17:00:00+00:00,bos,bull,1.0,0.3013812769972249,0.35138127699722493,25.0,0,0,0
10490,2019-05-01 17:00:00+00:00,bos,bear,-1.0,0.3854256678042959,0.585425667804296,7.0,0,0,0
10536,2019-05-13 09:00:00+00:00,bos,bull,1.0,0.7224398642838853,0.8724398642838852,24.0,0,0,0
10554,2019-05-16 09:00:00+00:00,bos,bear,-1.0,0.4340044480526678,0.5340044480526679,37.0,0,0,0
10560,2019-05-17 09:00:00+00:00,bos,bear,-1.0,0.47878564901887305,0.5787856490188731,31.0,0,0,0
10572,2019-05-21 09:00:00+00:00,bos,bear,-1.0,0.5186749348350945,0.7186749348350946,19.0,0,0,0
10636,2019-06-05 05:00:00+00:00,bos,bull,1.0,0.7231548532609225,0.8731548532609225,2.0,0,0,1
10706,2019-06-20 21:00:00+00:00,bos,bull,1.0,0.8752436864117107,1.0,6.0,0,0,0
10768,2019-07-05 09:00:00+00:00,bos,bear,-1.0,0.7633294619762024,1.0,9.0,0,0,0
10824,2019-07-18 17:00:00+00:00,bos,bull,1.0,0.7585701365616543,1.0,14.0,0,0,0
10871,2019-07-30 13:00:00+00:00,bos,bull,1.0,0.3137023063517105,0.5137023063517105,9.0,0,0,0
10883,2019-08-01 13:00:00+00:00,bos,bull,1.0,0.5750470171449046,0.8750470171449046,9.0,0,0,0
10930,2019-08-13 09:00:00+00:00,bos,bear,-1.0,0.5466438020947686,0.7966438020947686,3.0,0,0,0
9010,2019-08-30 13:00:00+00:00,bos,bear,-1.0,0.32919860465090794,0.529198604650908,44.0,0,0,0
9027,2019-09-04 13:00:00+00:00,bos,bull,1.0,0.38195172459428156,0.5319517245942815,27.0,0,0,0
9046,2019-09-09 17:00:00+00:00,bos,bear,-1.0,0.3021775557547099,0.55217755575471,8.0,0,0,0
9052,2019-09-10 17:00:00+00:00,bos,bear,-1.0,0.4081985051777768,0.5581985051777768,2.0,0,0,1
9127,2019-09-27 05:00:00+00:00,bos,bear,-1.0,0.5503918919618233,0.7003918919618233,2.0,0,0,1
9134,2019-09-30 09:00:00+00:00,bos,bear,-1.0,0.16790847513336912,0.2179084751333691,5.0,0,0,0
9138,2019-10-01 01:00:00+00:00,bos,bear,-1.0,0.4866194928028593,0.6366194928028593,9.0,0,0,0
9153,2019-10-03 13:00:00+00:00,bos,bull,1.0,0.23332104441293705,0.283321044412937,24.0,0,0,0
9165,2019-10-07 13:00:00+00:00,bos,bear,-1.0,0.4491411054014691,0.6991411054014692,13.0,0,0,0
9213,2019-10-17 13:00:00+00:00,bos,bull,1.0,0.17449643255502795,0.22449643255502788,15.0,0,0,0
9242,2019-10-24 09:00:00+00:00,bos,bull,1.0,0.5630870338453886,0.8630870338453887,26.0,0,0,0
9260,2019-10-29 09:00:00+00:00,bos,bear,-1.0,0.49586769374156586,0.6958676937415659,8.0,0,0,0
9303,2019-11-07 14:00:00+00:00,bos,bear,-1.0,0.7328110424056226,0.9828110424056226,7.0,0,0,0
9308,2019-11-08 10:00:00+00:00,bos,bear,-1.0,0.49587355419475443,0.6458735541947545,2.0,0,0,1
9315,2019-11-11 14:00:00+00:00,bos,bear,-1.0,0.2890024081865002,0.48900240818650015,5.0,0,0,0
9355,2019-11-20 06:00:00+00:00,bos,bull,1.0,0.1369882240171229,0.33698822401712286,14.0,0,0,0
9370,2019-11-22 18:00:00+00:00,bos,bear,-1.0,0.1253681703340305,0.37536817033403047,1.0,0,1,1
9377,2019-11-25 22:00:00+00:00,bos,bear,-1.0,0.16767106020414868,0.3176710602041487,5.0,0,0,0
9398,2019-11-29 14:00:00+00:00,bos,bull,1.0,0.646948238743841,0.946948238743841,8.0,0,0,0
9427,2019-12-06 10:00:00+00:00,bos,bear,-1.0,0.36528931665444553,0.5652893166544456,3.0,0,0,0
9446,2019-12-11 14:00:00+00:00,bos,bull,1.0,0.26391651765081836,0.46391651765081837,13.0,0,0,0
9451,2019-12-12 10:00:00+00:00,bos,bull,1.0,0.6990148506142255,0.8990148506142256,8.0,0,0,0
9520,2019-12-30 22:00:00+00:00,bos,bull,1.0,0.6403351893351548,0.9903351893351549,23.0,0,0,0
9529,2020-01-02 10:00:00+00:00,bos,bull,1.0,0.5427930073129077,0.8427930073129077,26.0,0,0,0
9533,2020-01-03 02:00:00+00:00,bos,bull,1.0,0.5858197057868965,0.7858197057868965,22.0,0,0,0
9538,2020-01-05 22:00:00+00:00,bos,bull,1.0,0.6963752311964239,0.8463752311964239,17.0,0,0,0
9550,2020-01-07 22:00:00+00:00,bos,bull,1.0,0.6438968693953053,0.7938968693953053,5.0,0,0,0
9603,2020-01-20 22:00:00+00:00,bos,bull,1.0,0.4475221955769987,0.6475221955769987,1.0,0,1,1
9625,2020-01-24 14:00:00+00:00,bos,bull,1.0,0.4500279033600801,0.6500279033600801,6.0,0,0,0
9656,2020-01-31 18:00:00+00:00,bos,bull,1.0,0.3326164516316082,0.48261645163160816,24.0,0,0,0
9722,2020-02-17 22:00:00+00:00,bos,bull,1.0,0.14005267761558393,0.29005267761558395,6.0,0,0,0
9730,2020-02-19 06:00:00+00:00,bos,bull,1.0,0.7058874070743582,0.7558874070743582,2.0,0,0,1
9737,2020-02-20 10:00:00+00:00,bos,bull,1.0,0.3863660243375147,0.5363660243375147,9.0,0,0,0
9741,2020-02-21 02:00:00+00:00,bos,bull,1.0,0.553657656426032,0.7036576564260321,13.0,0,0,0
9797,2020-03-05 10:00:00+00:00,bos,bull,1.0,0.3517037207515896,0.5517037207515897,3.0,0,0,0
9806,2020-03-08 21:00:00+00:00,bos,bull,1.0,0.24099651398992894,0.39099651398992896,12.0,0,0,0
9823,2020-03-11 17:00:00+00:00,bos,bear,-1.0,0.30217479578472495,0.45217479578472497,19.0,0,0,0
9829,2020-03-12 17:00:00+00:00,bos,bear,-1.0,0.5129922177320545,0.8629922177320546,13.0,0,0,0
9834,2020-03-13 13:00:00+00:00,bos,bear,-1.0,0.5913836590742935,0.7913836590742935,8.0,0,0,0
9839,2020-03-16 09:00:00+00:00,bos,bear,-1.0,0.7108355947976295,0.7608355947976295,3.0,0,0,0
9904,2020-03-31 05:00:00+00:00,bos,bear,-1.0,0.1722364506514502,0.3722364506514502,4.0,0,0,0
9928,2020-04-06 05:00:00+00:00,bos,bull,1.0,0.4847503469191156,0.5847503469191156,3.0,0,0,0
9954,2020-04-13 13:00:00+00:00,bos,bull,1.0,0.7340300625908112,0.9840300625908112,8.0,0,0,0
8092,2020-05-14 09:00:00+00:00,bos,bull,1.0,0.4841166528903302,0.6341166528903301,17.0,0,0,0
8098,2020-05-15 09:00:00+00:00,bos,bull,1.0,0.18943391023120637,0.2394339102312064,11.0,0,0,0
8102,2020-05-18 01:00:00+00:00,bos,bull,1.0,0.43258512826152273,0.4825851282615228,7.0,0,0,0
8140,2020-05-26 13:00:00+00:00,bos,bear,-1.0,0.2898163732342358,0.5898163732342359,7.0,0,0,0
8144,2020-05-27 05:00:00+00:00,bos,bear,-1.0,0.18624326159558652,0.3862432615955865,11.0,0,0,0
8187,2020-06-05 09:00:00+00:00,bos,bear,-1.0,0.651465807187422,0.951465807187422,13.0,0,0,0
8200,2020-06-09 13:00:00+00:00,bos,bull,1.0,0.28038496884189196,0.4803849688418919,26.0,0,0,0
8205,2020-06-10 09:00:00+00:00,bos,bull,1.0,0.23311170915383783,0.43311170915383784,29.0,0,0,0
8248,2020-06-19 13:00:00+00:00,bos,bull,1.0,0.3287429849799437,0.4787429849799437,2.0,0,0,1
8253,2020-06-22 09:00:00+00:00,bos,bull,1.0,0.43025551039773213,0.5802555103977322,7.0,0,0,0
8259,2020-06-23 09:00:00+00:00,bos,bull,1.0,0.29338024228158616,0.4433802422815861,13.0,0,0,0
8290,2020-06-30 13:00:00+00:00,bos,bull,1.0,0.34518730075001613,0.49518730075001616,5.0,0,0,0
8319,2020-07-07 13:00:00+00:00,bos,bull,1.0,0.6041143428320541,0.9041143428320542,24.0,0,0,0
8323,2020-07-08 05:00:00+00:00,bos,bull,1.0,0.4791990577504367,0.5291990577504367,28.0,0,0,0
8439,2020-08-04 13:00:00+00:00,bos,bull,1.0,0.7099484754826413,1.0,4.0,0,0,0
8450,2020-08-06 09:00:00+00:00,bos,bull,1.0,0.49690455061590894,0.6469045506159089,6.0,0,0,0
8466,2020-08-11 01:00:00+00:00,bos,bear,-1.0,0.42524308248425513,0.5752430824842552,22.0,0,0,0
8587,2020-09-08 09:00:00+00:00,bos,bear,-1.0,0.2423881792124565,0.29238817921245647,24.0,0,0,0
8597,2020-09-10 01:00:00+00:00,bos,bull,1.0,0.20019852405732927,0.2501985240573293,14.0,0,0,0
8690,2020-10-01 13:00:00+00:00,bos,bull,1.0,0.1859111915525773,0.3859111915525773,27.0,0,0,0
8810,2020-10-29 13:00:00+00:00,bos,bear,-1.0,0.1958670189625408,0.3958670189625408,9.0,0,0,0
8828,2020-11-03 14:00:00+00:00,bos,bull,1.0,0.43489613236222857,0.48489613236222867,9.0,0,0,0
8912,2020-11-23 14:00:00+00:00,bos,bear,-1.0,0.6325744396860533,0.7825744396860533,34.0,0,0,0
8915,2020-11-24 02:00:00+00:00,bos,bear,-1.0,0.37056947690381264,0.42056947690381263,31.0,0,0,0
7068,2020-12-30 14:00:00+00:00,bos,bull,1.0,0.2546095348460031,0.3046095348460031,12.0,0,0,0
7076,2021-01-03 22:00:00+00:00,bos,bull,1.0,0.6390167655710923,0.8390167655710924,4.0,0,0,0
7085,2021-01-05 10:00:00+00:00,bos,bull,1.0,0.20464664974917168,0.4046466497491717,5.0,0,0,0
7136,2021-01-17 22:00:00+00:00,bos,bear,-1.0,0.15760046931593857,0.2076004693159385,4.0,0,0,0
7213,2021-02-03 22:00:00+00:00,bos,bear,-1.0,0.23344112185269597,0.283441121852696,9.0,0,0,0
7229,2021-02-08 14:00:00+00:00,bos,bull,1.0,0.28821106507326705,0.6382110650732671,7.0,0,0,0
7232,2021-02-09 02:00:00+00:00,bos,bull,1.0,0.2066051956280449,0.4066051956280449,10.0,0,0,0
7240,2021-02-10 10:00:00+00:00,bos,bull,1.0,0.3926374038683471,0.5926374038683472,18.0,0,0,0
7248,2021-02-11 18:00:00+00:00,bos,bear,-1.0,0.18889618386689344,0.3388961838668934,26.0,0,0,0
7306,2021-02-25 10:00:00+00:00,bos,bear,-1.0,0.4113671263442986,0.6113671263442987,12.0,0,0,0
7321,2021-03-01 22:00:00+00:00,bos,bear,-1.0,0.5703528400030186,0.7703528400030186,22.0,0,0,0
7349,2021-03-08 14:00:00+00:00,bos,bear,-1.0,0.34981520849963765,0.39981520849963775,0.0,1,1,1
7362,2021-03-10 18:00:00+00:00,bos,bull,1.0,0.350993842056077,0.550993842056077,11.0,0,0,0
7438,2021-03-29 09:00:00+00:00,bos,bear,-1.0,0.5332989357037019,0.733298935703702,34.0,0,0,0
7442,2021-03-30 01:00:00+00:00,bos,bear,-1.0,0.27814020409591245,0.47814020409591246,38.0,0,0,0
7501,2021-04-12 21:00:00+00:00,bos,bear,-1.0,0.3335061584711592,0.5335061584711592,28.0,0,0,0
7535,2021-05-20 09:00:00+00:00,bos,bull,1.0,0.41985547034576587,0.46985547034576597,6.0,0,0,0
7554,2021-05-25 13:00:00+00:00,bos,bull,1.0,0.41930056357944834,0.6193005635794484,11.0,0,0,0
7582,2021-06-01 05:00:00+00:00,bos,bull,1.0,0.12154588985733153,0.2215458898573315,5.0,0,0,0
7663,2021-06-18 17:00:00+00:00,bos,bear,-1.0,0.2770697961292945,0.4770697961292945,10.0,0,0,0
7702,2021-06-29 05:00:00+00:00,bos,bear,-1.0,0.27211560076361546,0.32211560076361545,3.0,0,0,0
7721,2021-07-02 09:00:00+00:00,bos,bull,1.0,0.34052421288392437,0.3905242128839244,22.0,0,0,0
7769,2021-07-14 09:00:00+00:00,bos,bull,1.0,0.6438182299170462,0.9438182299170462,8.0,0,0,0
7774,2021-07-15 05:00:00+00:00,bos,bull,1.0,0.2881634115303644,0.3881634115303644,13.0,0,0,0
7832,2021-07-28 21:00:00+00:00,bos,bull,1.0,0.23613992272974355,0.2861399227297435,10.0,0,0,0
7867,2021-08-05 17:00:00+00:00,bos,bear,-1.0,0.2584897203470209,0.35848972034702087,4.0,0,0,0
7871,2021-08-06 09:00:00+00:00,bos,bear,-1.0,0.8561033785039006,1.0,0.0,1,1,1
7908,2021-08-16 13:00:00+00:00,bos,bull,1.0,0.3856973959022924,0.5856973959022924,9.0,0,0,0
7943,2021-08-24 09:00:00+00:00,bos,bull,1.0,0.3649562579194054,0.5649562579194054,20.0,0,0,0
7964,2021-08-29 21:00:00+00:00,bos,bull,1.0,0.4597820854654573,0.6597820854654574,8.0,0,0,0
6011,2021-09-08 13:00:00+00:00,bos,bear,-1.0,0.39003090971919036,0.5900309097191904,13.0,0,0,0
6102,2021-09-29 17:00:00+00:00,bos,bear,-1.0,0.19315838457159368,0.4931583845715936,14.0,0,0,0
6119,2021-10-04 13:00:00+00:00,bos,bull,1.0,0.42401430844027727,0.7740143084402773,9.0,0,0,0
6142,2021-10-08 09:00:00+00:00,bos,bull,1.0,0.6411032737401621,0.9911032737401622,7.0,0,0,0
6166,2021-10-14 09:00:00+00:00,bos,bull,1.0,0.3342502437914299,0.5342502437914299,10.0,0,0,0
6201,2021-10-22 05:00:00+00:00,bos,bull,1.0,0.2411090039784968,0.49110900397849677,5.0,0,0,0
6264,2021-11-05 17:00:00+00:00,bos,bull,1.0,0.5003665051080163,0.6503665051080163,2.0,0,0,1
6274,2021-11-09 10:00:00+00:00,bos,bull,1.0,0.26888581830584585,0.4688858183058458,8.0,0,0,0
6280,2021-11-10 10:00:00+00:00,bos,bull,1.0,0.739825666311706,1.0,14.0,0,0,0
6303,2021-11-16 06:00:00+00:00,bos,bull,1.0,0.2951630029512072,0.39516300295120715,11.0,0,0,0
6324,2021-11-19 18:00:00+00:00,bos,bear,-1.0,0.21166580918698324,0.4116658091869832,10.0,0,0,0
6328,2021-11-22 10:00:00+00:00,bos,bear,-1.0,0.31358499169292353,0.5135849916929236,14.0,0,0,0
6333,2021-11-23 06:00:00+00:00,bos,bear,-1.0,0.38408017105154324,0.48408017105154333,11.0,0,0,0
6411,2021-12-10 06:00:00+00:00,bos,bear,-1.0,0.38138211321317694,0.43138211321317704,24.0,0,0,0
6469,2021-12-26 22:00:00+00:00,bos,bull,1.0,0.3086795306710684,0.40867953067106844,17.0,0,0,0
6477,2021-12-28 06:00:00+00:00,bos,bull,1.0,0.26492239948493196,0.4149223994849319,9.0,0,0,0
6496,2021-12-31 10:00:00+00:00,bos,bull,1.0,0.40572024192676137,0.6057202419267614,10.0,0,0,0
6541,2022-01-11 22:00:00+00:00,bos,bull,1.0,0.2790557825830499,0.47905578258304987,23.0,0,0,0
6545,2022-01-12 14:00:00+00:00,bos,bull,1.0,0.33791298752301824,0.5879129875230183,27.0,0,0,0
6580,2022-01-20 10:00:00+00:00,bos,bull,1.0,0.40138639985828367,0.4513863998582837,3.0,0,0,0
6599,2022-01-25 14:00:00+00:00,bos,bull,1.0,0.3927307049151674,0.5927307049151674,20.0,0,0,0
6653,2022-02-07 14:00:00+00:00,bos,bull,1.0,0.3810736932480648,0.5810736932480648,5.0,0,0,0
6658,2022-02-08 10:00:00+00:00,bos,bull,1.0,0.2685824123119509,0.4685824123119509,10.0,0,0,0
6699,2022-02-17 06:00:00+00:00,bos,bull,1.0,0.47645453690733985,0.5264545369073399,15.0,0,0,0
6715,2022-02-21 22:00:00+00:00,bos,bull,1.0,0.19046046592987434,0.29046046592987435,31.0,0,0,0
6767,2022-03-04 14:00:00+00:00,bos,bull,1.0,0.4580272537377538,0.7080272537377539,4.0,0,0,0
6777,2022-03-08 06:00:00+00:00,bos,bull,1.0,0.2093327276416591,0.4093327276416591,5.0,0,0,0
6796,2022-03-11 10:00:00+00:00,bos,bear,-1.0,0.4579463048400977,0.6579463048400978,3.0,0,0,0
6804,2022-03-14 17:00:00+00:00,bos,bear,-1.0,0.415892808867193,0.615892808867193,11.0,0,0,0
6917,2022-04-08 13:00:00+00:00,bos,bull,1.0,0.34318689349009723,0.5431868934900973,2.0,0,0,1
6922,2022-04-11 09:00:00+00:00,bos,bull,1.0,0.34485958334399114,0.6448595833439912,3.0,0,0,0
6928,2022-04-12 09:00:00+00:00,bos,bull,1.0,0.5398416886118145,0.8398416886118145,4.0,0,0,0
6943,2022-04-17 21:00:00+00:00,bos,bull,1.0,0.49975458866366934,0.8497545886636694,8.0,0,0,0
6972,2022-04-22 17:00:00+00:00,bos,bear,-1.0,0.36607659435243345,0.4660765943524336,5.0,0,0,0
6974,2022-04-25 01:00:00+00:00,bos,bear,-1.0,0.5439344244894095,0.6439344244894096,3.0,0,0,0
6991,2022-04-27 21:00:00+00:00,bos,bear,-1.0,0.20650658755830348,0.2565065875583034,14.0,0,0,0
5044,2022-05-10 13:00:00+00:00,bos,bear,-1.0,0.51372620118037,0.8637262011803701,20.0,0,0,0
5056,2022-05-12 13:00:00+00:00,bos,bear,-1.0,0.5185226719587082,0.6685226719587082,21.0,0,0,0
5094,2022-05-22 21:00:00+00:00,bos,bull,1.0,0.2871183559243502,0.4871183559243502,16.0,0,0,0
5104,2022-05-24 13:00:00+00:00,bos,bull,1.0,0.2841016598364519,0.3841016598364519,26.0,0,0,0
5135,2022-05-31 17:00:00+00:00,bos,bear,-1.0,0.4450075425812028,0.6450075425812029,5.0,0,0,0
5195,2022-06-14 17:00:00+00:00,bos,bear,-1.0,0.23872799092929592,0.28872799092929585,9.0,0,0,0
5207,2022-06-16 17:00:00+00:00,bos,bull,1.0,0.37299921362262145,0.5229992136226215,3.0,0,0,0
5270,2022-07-01 05:00:00+00:00,bos,bear,-1.0,0.4927672746208092,0.5427672746208092,6.0,0,0,0
5290,2022-07-06 13:00:00+00:00,bos,bear,-1.0,0.7418852960232293,0.8918852960232292,2.0,0,0,1
5319,2022-07-13 09:00:00+00:00,bos,bear,-1.0,0.6003397044901677,0.8003397044901678,27.0,0,0,0
5397,2022-08-01 09:00:00+00:00,bos,bull,1.0,0.19343380450271122,0.4434338045027112,10.0,0,0,0
5400,2022-08-01 21:00:00+00:00,bos,bull,1.0,0.4952710024743493,0.7452710024743494,7.0,0,0,0
5403,2022-08-02 09:00:00+00:00,bos,bull,1.0,0.4769014178128525,0.5769014178128525,4.0,0,0,0
5470,2022-08-17 13:00:00+00:00,bos,bear,-1.0,0.4899667717213962,0.6899667717213962,29.0,0,0,0
5482,2022-08-19 13:00:00+00:00,bos,bear,-1.0,0.3060060340445426,0.40600603404454266,17.0,0,0,0
5503,2022-08-25 01:00:00+00:00,bos,bull,1.0,0.2994657228574609,0.4994657228574609,4.0,0,0,0
5528,2022-08-31 05:00:00+00:00,bos,bear,-1.0,0.5211495845521781,0.6711495845521781,2.0,0,0,1
5532,2022-08-31 21:00:00+00:00,bos,bear,-1.0,0.3721394779188496,0.4221394779188497,2.0,0,0,1
5578,2022-09-12 13:00:00+00:00,bos,bull,1.0,0.19711539062040406,0.547115390620404,5.0,0,0,0
5592,2022-09-14 21:00:00+00:00,bos,bear,-1.0,0.22993492497317689,0.42993492497317687,7.0,0,0,0
5600,2022-09-16 05:00:00+00:00,bos,bear,-1.0,0.3780157437735737,0.6280157437735738,15.0,0,0,0
5631,2022-09-23 09:00:00+00:00,bos,bear,-1.0,0.5008871117883669,0.7008871117883669,9.0,0,0,0
5639,2022-09-26 17:00:00+00:00,bos,bear,-1.0,0.37966779981110627,0.6296677998111063,17.0,0,0,0
5648,2022-09-28 05:00:00+00:00,bos,bear,-1.0,0.1678400022543359,0.4178400022543359,26.0,0,0,0
5658,2022-09-29 21:00:00+00:00,bos,bull,1.0,0.23958001965727457,0.43958001965727456,17.0,0,0,0
5668,2022-10-03 13:00:00+00:00,bos,bull,1.0,0.6723376590000558,1.0,7.0,0,0,0
5695,2022-10-10 01:00:00+00:00,bos,bear,-1.0,0.46874245839747336,0.6687424583974734,3.0,0,0,0
5701,2022-10-11 01:00:00+00:00,bos,bear,-1.0,0.40549427921900677,0.5054942792190068,3.0,0,0,0
5738,2022-10-19 05:00:00+00:00,bos,bear,-1.0,0.2799938835186915,0.32999388351869147,14.0,0,0,0
5749,2022-10-21 01:00:00+00:00,bos,bear,-1.0,0.24708261040533,0.44708261040533,3.0,0,0,0
5763,2022-10-25 09:00:00+00:00,bos,bear,-1.0,0.11540394730945755,0.1654039473094575,11.0,0,0,0
5786,2022-10-31 05:00:00+00:00,bos,bear,-1.0,0.3141733639052435,0.4141733639052435,7.0,0,0,0
5852,2022-11-15 06:00:00+00:00,bos,bull,1.0,0.22661760156644678,0.3266176015664467,29.0,0,0,0
5872,2022-11-18 14:00:00+00:00,bos,bear,-1.0,0.3989492300919083,0.4489492300919084,49.0,0,0,0
5923,2022-12-01 02:00:00+00:00,bos,bull,1.0,0.3784566631830737,0.5784566631830738,9.0,0,0,0
5934,2022-12-04 22:00:00+00:00,bos,bull,1.0,0.3609111481764796,0.5609111481764797,2.0,0,0,1
4055,2023-01-04 06:00:00+00:00,bos,bull,1.0,0.5906240574089117,0.7906240574089117,25.0,0,0,0
4097,2023-01-13 06:00:00+00:00,bos,bull,1.0,0.4471328051412886,0.6471328051412887,11.0,0,0,0
4100,2023-01-13 18:00:00+00:00,bos,bull,1.0,0.3590926263524827,0.6590926263524827,9.0,0,0,0
4124,2023-01-19 18:00:00+00:00,bos,bull,1.0,0.4342685730543966,0.6342685730543967,4.0,0,0,0
4212,2023-02-09 10:00:00+00:00,bos,bull,1.0,0.3022227333205607,0.3522227333205608,6.0,0,0,0
4225,2023-02-13 14:00:00+00:00,bos,bear,-1.0,0.2646945988608964,0.4646945988608964,3.0,0,0,0
4231,2023-02-14 14:00:00+00:00,bos,bear,-1.0,0.31173700357286144,0.5117370035728614,2.0,0,0,1
4307,2023-03-03 06:00:00+00:00,bos,bull,1.0,0.370473232298286,0.4704732322982861,0.0,1,1,1
4338,2023-03-10 10:00:00+00:00,bos,bull,1.0,0.6628468363793938,0.8128468363793938,5.0,0,0,0
4344,2023-03-13 09:00:00+00:00,bos,bull,1.0,0.5832438868586617,0.6332438868586617,1.0,0,1,1
4356,2023-03-15 09:00:00+00:00,bos,bull,1.0,0.6181383135720345,0.9181383135720346,13.0,0,0,0
4373,2023-03-20 05:00:00+00:00,bos,bull,1.0,0.5247678748125416,0.7247678748125417,30.0,0,0,0
4441,2023-04-04 13:00:00+00:00,bos,bull,1.0,0.8111138750643022,1.0,27.0,0,0,0
4476,2023-04-13 09:00:00+00:00,bos,bull,1.0,0.6812042408747099,0.9812042408747099,1.0,0,1,1
4489,2023-04-17 13:00:00+00:00,bos,bear,-1.0,0.33977934977895186,0.5397793497789519,14.0,0,0,0
4548,2023-05-01 09:00:00+00:00,bos,bull,1.0,0.6231652415534056,0.9731652415534057,9.0,0,0,0
4555,2023-05-02 13:00:00+00:00,bos,bull,1.0,0.5818163068232862,0.8818163068232863,8.0,0,0,0
4561,2023-05-03 13:00:00+00:00,bos,bull,1.0,0.3578242132571904,0.5578242132571904,2.0,0,0,1
4687,2023-06-01 13:00:00+00:00,bos,bull,1.0,0.4139983059962171,0.5639983059962171,31.0,0,0,0
4735,2023-06-13 13:00:00+00:00,bos,bear,-1.0,0.5425809664098741,0.9425809664098741,17.0,0,0,0
4743,2023-06-14 21:00:00+00:00,bos,bear,-1.0,0.16511235988631368,0.31511235988631364,25.0,0,0,0
4765,2023-06-20 13:00:00+00:00,bos,bear,-1.0,0.38175519137351066,0.43175519137351076,3.0,0,0,0
4777,2023-06-22 13:00:00+00:00,bos,bear,-1.0,0.4051724432983867,0.45517244329838674,9.0,0,0,0
4799,2023-06-28 05:00:00+00:00,bos,bear,-1.0,0.2577850534192564,0.35778505341925637,9.0,0,0,0
4806,2023-06-29 09:00:00+00:00,bos,bear,-1.0,0.47803111883883065,0.5280311188388307,2.0,0,0,1
4853,2023-07-11 05:00:00+00:00,bos,bull,1.0,0.39526879930875997,0.44526879930876,21.0,0,0,0
4858,2023-07-12 01:00:00+00:00,bos,bull,1.0,0.1890603980270128,0.3890603980270128,26.0,0,0,0
4861,2023-07-12 13:00:00+00:00,bos,bull,1.0,0.7915993535500796,1.0,29.0,0,0,0
4952,2023-08-02 17:00:00+00:00,bos,bear,-1.0,0.1958900125650219,0.3958900125650219,47.0,0,0,0
4981,2023-08-09 13:00:00+00:00,bos,bear,-1.0,0.507706653825684,0.5577066538256841,43.0,0,0,0
4988,2023-08-10 17:00:00+00:00,bos,bear,-1.0,0.4516435137625165,0.5016435137625165,36.0,0,0,0
3001,2023-08-14 17:00:00+00:00,bos,bear,-1.0,0.31337281782900617,0.5633728178290063,2.0,0,0,1
3013,2023-08-16 17:00:00+00:00,bos,bear,-1.0,0.5814444519068893,0.6314444519068894,8.0,0,0,0
3018,2023-08-17 13:00:00+00:00,bos,bear,-1.0,0.4733401304245503,0.6733401304245503,3.0,0,0,0
3042,2023-08-23 13:00:00+00:00,bos,bull,1.0,0.7654461497802731,1.0,5.0,0,0,0
3066,2023-08-29 13:00:00+00:00,bos,bull,1.0,0.7791648812373676,0.9291648812373677,8.0,0,0,0
3094,2023-09-05 05:00:00+00:00,bos,bear,-1.0,0.3852808478905267,0.4852808478905267,36.0,0,0,0
3103,2023-09-06 17:00:00+00:00,bos,bear,-1.0,0.42392064088284664,0.5239206408828467,34.0,0,0,0
3137,2023-09-14 09:00:00+00:00,bos,bear,-1.0,0.21403624961690593,0.2640362496169059,0.0,1,1,1
3152,2023-09-18 21:00:00+00:00,bos,bull,1.0,0.17032154984136944,0.3703215498413694,15.0,0,0,0
3155,2023-09-19 09:00:00+00:00,bos,bull,1.0,0.20542862115199656,0.40542862115199657,18.0,0,0,0
3190,2023-09-27 05:00:00+00:00,bos,bear,-1.0,0.18154763349173303,0.28154763349173295,10.0,0,0,0
3198,2023-09-28 13:00:00+00:00,bos,bear,-1.0,0.4868819400673144,0.5368819400673144,2.0,0,0,1
3204,2023-09-29 13:00:00+00:00,bos,bear,-1.0,0.7012962631562137,0.9012962631562138,4.0,0,0,0
3227,2023-10-05 09:00:00+00:00,bos,bear,-1.0,0.17977871451809957,0.3797787145180996,27.0,0,0,0
3242,2023-10-09 21:00:00+00:00,bos,bull,1.0,0.46246318062986613,0.5124631806298662,24.0,0,0,0
3250,2023-10-11 05:00:00+00:00,bos,bull,1.0,0.4986328427227374,0.5486328427227374,16.0,0,0,0
3263,2023-10-13 09:00:00+00:00,bos,bull,1.0,0.7563010803727287,0.9063010803727288,3.0,0,0,0
3289,2023-10-19 17:00:00+00:00,bos,bull,1.0,0.5749950657198453,0.6249950657198453,2.0,0,0,1
3372,2023-11-08 14:00:00+00:00,bos,bear,-1.0,0.51305495057166,0.66305495057166,32.0,0,0,0
3376,2023-11-09 06:00:00+00:00,bos,bear,-1.0,0.21751756932856453,0.4175175693285645,28.0,0,0,0
3384,2023-11-10 14:00:00+00:00,bos,bear,-1.0,0.5578449674011406,0.6578449674011407,20.0,0,0,0
3400,2023-11-15 06:00:00+00:00,bos,bull,1.0,0.37074458951867556,0.4707445895186756,4.0,0,0,0
3408,2023-11-16 14:00:00+00:00,bos,bull,1.0,0.5086054615756874,0.5586054615756875,4.0,0,0,0
3412,2023-11-17 06:00:00+00:00,bos,bull,1.0,0.5041861545062833,0.6041861545062834,8.0,0,0,0
3475,2023-12-01 18:00:00+00:00,bos,bull,1.0,0.4815455661922742,0.7315455661922742,18.0,0,0,0
3576,2023-12-27 14:00:00+00:00,bos,bull,1.0,0.625476623274766,0.9254766232747661,12.0,0,0,0
3599,2024-01-03 10:00:00+00:00,bos,bear,-1.0,0.727267153413605,1.0,11.0,0,0,0
3636,2024-01-11 14:00:00+00:00,bos,bear,-1.0,0.50354239258424,0.8035423925842401,18.0,0,0,0
3691,2024-01-24 18:00:00+00:00,bos,bear,-1.0,0.25283237082590904,0.45283237082590905,11.0,0,0,0
3706,2024-01-29 06:00:00+00:00,bos,bull,1.0,0.17324638697590933,0.2732463869759093,26.0,0,0,0
3720,2024-01-31 14:00:00+00:00,bos,bull,1.0,0.3227548082725643,0.3727548082725644,33.0,0,0,0
3736,2024-02-05 06:00:00+00:00,bos,bear,-1.0,0.3255009365483932,0.42550093654839327,17.0,0,0,0
3773,2024-02-13 10:00:00+00:00,bos,bear,-1.0,0.671504254883701,1.0,20.0,0,0,0
3794,2024-02-18 22:00:00+00:00,bos,bull,1.0,0.5376582052663011,0.7376582052663012,36.0,0,0,0
3802,2024-02-20 06:00:00+00:00,bos,bull,1.0,0.3206343133967035,0.42063431339670354,28.0,0,0,0
3851,2024-03-01 10:00:00+00:00,bos,bull,1.0,0.23617105317565718,0.43617105317565713,21.0,0,0,0
3857,2024-03-04 10:00:00+00:00,bos,bull,1.0,0.3034096335053761,0.4534096335053761,27.0,0,0,0
3862,2024-03-05 06:00:00+00:00,bos,bull,1.0,0.4673228741115484,0.5173228741115484,32.0,0,0,0
3870,2024-03-06 14:00:00+00:00,bos,bull,1.0,0.30999574657671247,0.4599957465767125,29.0,0,0,0
3979,2024-04-02 17:00:00+00:00,bos,bull,1.0,0.5974478803070585,0.7474478803070586,12.0,0,0,0
3984,2024-04-03 13:00:00+00:00,bos,bull,1.0,0.48604397060796123,0.6360439706079613,17.0,0,0,0
2165,2024-05-15 13:00:00+00:00,bos,bull,1.0,0.2733912417456095,0.5733912417456095,20.0,0,0,0
2177,2024-05-17 13:00:00+00:00,bos,bull,1.0,0.4008888067055376,0.5508888067055376,32.0,0,0,0
2195,2024-05-22 13:00:00+00:00,bos,bear,-1.0,0.48168802576134134,0.7316880257613414,15.0,0,0,0
2202,2024-05-23 17:00:00+00:00,bos,bear,-1.0,0.5634655268118143,0.6134655268118143,8.0,0,0,0
2220,2024-05-28 17:00:00+00:00,bos,bull,1.0,0.25893632631946745,0.4589363263194674,8.0,0,0,0
2262,2024-06-06 17:00:00+00:00,bos,bull,1.0,0.2550809281059641,0.45508092810596407,34.0,0,0,0
2284,2024-06-12 09:00:00+00:00,bos,bull,1.0,0.6632719498450821,1.0,56.0,0,0,0
2322,2024-06-20 17:00:00+00:00,bos,bull,1.0,0.376914329333874,0.626914329333874,20.0,0,0,0
2373,2024-07-03 05:00:00+00:00,bos,bull,1.0,0.41719129981106423,0.5171912998110643,17.0,0,0,0
2385,2024-07-05 05:00:00+00:00,bos,bull,1.0,0.22430971311700634,0.3243097131170063,15.0,0,0,0
2429,2024-07-16 13:00:00+00:00,bos,bull,1.0,0.7772419359253118,1.0,29.0,0,0,0
2495,2024-07-31 13:00:00+00:00,bos,bull,1.0,0.4403211846901655,0.6403211846901655,5.0,0,0,0
2506,2024-08-02 09:00:00+00:00,bos,bull,1.0,0.32369747927189224,0.4736974792718922,3.0,0,0,0
2541,2024-08-12 05:00:00+00:00,bos,bull,1.0,0.26711455976259296,0.3671145597625929,14.0,0,0,0
2555,2024-08-14 13:00:00+00:00,bos,bear,-1.0,0.5594048437784915,0.9594048437784916,0.0,1,1,1
2577,2024-08-20 05:00:00+00:00,bos,bull,1.0,0.5189997740415192,0.6189997740415193,1.0,0,1,1
2639,2024-09-03 13:00:00+00:00,bos,bear,-1.0,0.23376278929166133,0.4837627892916613,6.0,0,0,0
2706,2024-09-18 17:00:00+00:00,bos,bear,-1.0,0.245342693843782,0.49534269384378193,8.0,0,0,0
2726,2024-09-24 01:00:00+00:00,bos,bull,1.0,0.4555846232512629,0.555584623251263,8.0,0,0,0
2730,2024-09-24 17:00:00+00:00,bos,bull,1.0,0.2735814678432096,0.5735814678432096,4.0,0,0,0
2740,2024-09-26 09:00:00+00:00,bos,bull,1.0,0.28976958753947724,0.43976958753947726,3.0,0,0,0
2752,2024-09-30 09:00:00+00:00,bos,bear,-1.0,0.37494582443361785,0.5249458244336178,9.0,0,0,0
2790,2024-10-08 17:00:00+00:00,bos,bear,-1.0,0.29180049174300876,0.5918004917430087,16.0,0,0,0
2823,2024-10-16 05:00:00+00:00,bos,bull,1.0,0.5673453640696992,0.6173453640696992,2.0,0,0,1
2831,2024-10-17 13:00:00+00:00,bos,bull,1.0,0.36089122978979565,0.5108912297897956,6.0,0,0,0
2849,2024-10-22 13:00:00+00:00,bos,bull,1.0,0.34924373145256626,0.4992437314525663,24.0,0,0,0
2853,2024-10-23 05:00:00+00:00,bos,bull,1.0,0.3628198121589457,0.4128198121589457,28.0,0,0,0
2876,2024-10-29 01:00:00+00:00,bos,bull,1.0,0.3845388924698468,0.4345388924698468,14.0,0,0,0
2879,2024-10-29 13:00:00+00:00,bos,bull,1.0,0.659975308950085,0.909975308950085,11.0,0,0,0
2937,2024-11-12 06:00:00+00:00,bos,bear,-1.0,0.39875536493725505,0.49875536493725514,3.0,0,0,0
2945,2024-11-13 14:00:00+00:00,bos,bear,-1.0,0.4833045993978455,0.7833045993978455,11.0,0,0,0
2962,2024-11-18 10:00:00+00:00,bos,bull,1.0,0.3413435974694279,0.541343597469428,28.0,0,0,0
2975,2024-11-20 14:00:00+00:00,bos,bull,1.0,0.4190709579941416,0.6190709579941417,28.0,0,0,0
1066,2024-12-11 14:00:00+00:00,bos,bull,1.0,0.48069249509101725,0.6806924950910173,15.0,0,0,0
1097,2024-12-18 18:00:00+00:00,bos,bear,-1.0,0.7468805697165402,1.0,16.0,0,0,0
1187,2025-01-10 18:00:00+00:00,bos,bull,1.0,0.37378004497993506,0.5737800449799351,1.0,0,1,1
1202,2025-01-15 06:00:00+00:00,bos,bull,1.0,0.3385784637282903,0.4885784637282904,14.0,0,0,0
1209,2025-01-16 10:00:00+00:00,bos,bull,1.0,0.4296700247239694,0.6296700247239695,21.0,0,0,0
1243,2025-01-24 02:00:00+00:00,bos,bull,1.0,0.49683164593779583,0.5968316459377959,0.0,1,1,1
1275,2025-01-31 10:00:00+00:00,bos,bull,1.0,0.29994473110662756,0.4499447311066276,2.0,0,0,1
1288,2025-02-04 14:00:00+00:00,bos,bull,1.0,0.5355442702172734,0.6855442702172734,4.0,0,0,0
1310,2025-02-10 06:00:00+00:00,bos,bull,1.0,0.6681804925884691,0.8181804925884691,2.0,0,0,1
1358,2025-02-20 06:00:00+00:00,bos,bull,1.0,0.18051485206100587,0.23051485206100583,4.0,0,0,0
1393,2025-02-28 02:00:00+00:00,bos,bear,-1.0,0.30727156275459994,0.4572715627545999,21.0,0,0,0
1465,2025-03-18 01:00:00+00:00,bos,bull,1.0,0.45827048602194587,0.6082704860219459,2.0,0,0,1
1475,2025-03-19 17:00:00+00:00,bos,bull,1.0,0.34206760888138554,0.5420676088813856,12.0,0,0,0
1536,2025-04-02 21:00:00+00:00,bos,bull,1.0,0.2510508140759546,0.40105081407595455,7.0,0,0,0
1547,2025-04-04 17:00:00+00:00,bos,bear,-1.0,0.18062474274928228,0.38062474274928226,11.0,0,0,0
1694,2025-05-12 05:00:00+00:00,bos,bear,-1.0,0.5595438157794977,0.7095438157794978,21.0,0,0,0
1712,2025-05-15 05:00:00+00:00,bos,bear,-1.0,0.2235859180782015,0.5735859180782016,39.0,0,0,0
1740,2025-05-21 21:00:00+00:00,bos,bull,1.0,0.1454650575303923,0.3954650575303923,34.0,0,0,0
1749,2025-05-23 09:00:00+00:00,bos,bull,1.0,0.49260417491782144,0.7426041749178215,25.0,0,0,0
1784,2025-06-02 05:00:00+00:00,bos,bull,1.0,0.5812910486677713,0.7812910486677713,2.0,0,0,1
1810,2025-06-06 13:00:00+00:00,bos,bear,-1.0,0.5361205949727762,0.7361205949727763,0.0,1,1,1
1830,2025-06-11 21:00:00+00:00,bos,bull,1.0,0.22628225879634328,0.2762822587963432,20.0,0,0,0
1834,2025-06-12 13:00:00+00:00,bos,bull,1.0,0.14005690152130854,0.44005690152130855,24.0,0,0,0
1837,2025-06-13 01:00:00+00:00,bos,bull,1.0,0.30017694320657107,0.5501769432065711,27.0,0,0,0
1869,2025-06-20 09:00:00+00:00,bos,bear,-1.0,0.21211380911298408,0.31211380911298403,0.0,1,1,1
1932,2025-07-07 01:00:00+00:00,bos,bear,-1.0,0.5405447749458444,0.7405447749458445,3.0,0,0,0
1,2025-07-22 09:00:00+00:00,bos,bull,1.0,0.45723547487157473,0.7072354748715748,23.0,0,0,0
26,2025-07-28 13:00:00+00:00,bos,bear,-1.0,0.35613734454710094,0.406137344547101,2.0,0,0,1
39,2025-07-30 17:00:00+00:00,bos,bear,-1.0,0.6626130305686453,0.9626130305686453,15.0,0,0,0
55,2025-08-04 09:00:00+00:00,bos,bull,1.0,0.20921197802993619,0.2592119780299362,14.0,0,0,0
153,2025-08-26 17:00:00+00:00,bos,bull,1.0,0.41169947188879286,0.6116994718887929,7.0,0,0,0
158,2025-08-27 13:00:00+00:00,bos,bull,1.0,0.3340738037231161,0.4340738037231162,2.0,0,0,1
164,2025-08-28 13:00:00+00:00,bos,bull,1.0,0.5536867551078672,0.8036867551078674,4.0,0,0,0
170,2025-08-29 13:00:00+00:00,bos,bull,1.0,0.7597377795535181,1.0,8.0,0,0,0
174,2025-09-01 05:00:00+00:00,bos,bull,1.0,0.2695378961146228,0.4195378961146228,4.0,0,0,0
179,2025-09-02 01:00:00+00:00,bos,bull,1.0,0.3434507405765494,0.49345074057654936,1.0,0,1,1
182,2025-09-02 13:00:00+00:00,bos,bull,1.0,0.738601746516855,0.988601746516855,2.0,0,0,1
187,2025-09-03 09:00:00+00:00,bos,bull,1.0,0.2572258562862362,0.4072258562862362,3.0,0,0,0
199,2025-09-05 09:00:00+00:00,bos,bull,1.0,0.47743487138004415,0.7274348713800441,15.0,0,0,0
204,2025-09-08 05:00:00+00:00,bos,bull,1.0,0.5362391065754116,0.6862391065754117,20.0,0,0,0
209,2025-09-09 01:00:00+00:00,bos,bull,1.0,0.42968379385567773,0.4796837938556777,17.0,0,0,0
293,2025-09-29 01:00:00+00:00,bos,bull,1.0,0.43344182898368644,0.5834418289836865,4.0,0,0,0
306,2025-10-01 05:00:00+00:00,bos,bull,1.0,0.43663264218750175,0.4866326421875018,9.0,0,0,0
333,2025-10-07 17:00:00+00:00,bos,bull,1.0,0.21177813952963226,0.4117781395296322,32.0,0,0,0
366,2025-10-15 05:00:00+00:00,bos,bull,1.0,0.36729498223953827,0.4172949822395383,1.0,0,1,1
371,2025-10-16 01:00:00+00:00,bos,bull,1.0,0.34824804616112176,0.39824804616112175,6.0,0,0,0
420,2025-10-28 05:00:00+00:00,bos,bear,-1.0,0.668307194090826,0.818307194090826,15.0,0,0,0
473,2025-11-10 02:00:00+00:00,bos,bull,1.0,0.5254224031075332,0.7254224031075333,5.0,0,0,0
488,2025-11-12 14:00:00+00:00,bos,bull,1.0,0.7077112119805068,1.0,20.0,0,0,0
492,2025-11-13 06:00:00+00:00,bos,bull,1.0,0.3247328892532455,0.4247328892532456,24.0,0,0,0
545,2025-11-26 02:00:00+00:00,bos,bull,1.0,0.1962740568311852,0.29627405683118513,0.0,1,1,1
556,2025-11-27 22:00:00+00:00,bos,bull,1.0,0.5102383642350738,0.7102383642350739,3.0,0,0,0
560,2025-11-28 14:00:00+00:00,bos,bull,1.0,0.6394634237553669,0.889463423755367,7.0,0,0,0
609,2025-12-10 18:00:00+00:00,bos,bull,1.0,0.3616169172816613,0.7116169172816613,7.0,0,0,0
652,2025-12-21 22:00:00+00:00,bos,bull,1.0,0.5693050258335686,0.8193050258335686,29.0,0,0,0
664,2025-12-23 22:00:00+00:00,bos,bull,1.0,0.44083019313107724,0.5908301931310772,17.0,0,0,0
675,2025-12-26 18:00:00+00:00,bos,bull,1.0,0.32458635972195793,0.524586359721958,6.0,0,0,0
689,2025-12-31 02:00:00+00:00,bos,bear,-1.0,0.7158200409419314,0.9158200409419314,8.0,0,0,0
768,2026-01-20 06:00:00+00:00,bos,bull,1.0,0.5184983771804105,0.6684983771804105,17.0,0,0,0
782,2026-01-22 14:00:00+00:00,bos,bull,1.0,0.5364617790543049,0.7864617790543049,3.0,0,0,0
789,2026-01-23 18:00:00+00:00,bos,bull,1.0,0.33494112170620877,0.48494112170620873,4.0,0,0,0
801,2026-01-27 18:00:00+00:00,bos,bull,1.0,0.6645575768747808,0.9145575768747808,16.0,0,0,0
807,2026-01-28 18:00:00+00:00,bos,bull,1.0,0.7456702461269779,0.9956702461269779,22.0,0,0,0
843,2026-02-05 18:00:00+00:00,bos,bear,-1.0,0.31035175915479835,0.4603517591547983,17.0,0,0,0
906,2026-02-20 06:00:00+00:00,bos,bull,1.0,0.15204472528111102,0.352044725281111,24.0,0,0,0
914,2026-02-23 14:00:00+00:00,bos,bull,1.0,0.4847667662944208,0.6847667662944208,29.0,0,0,0
998,2026-03-13 13:00:00+00:00,bos,bear,-1.0,0.4690487747624607,0.6690487747624607,5.0,0,0,0
