event_count,eqh_count,eql_count,formation_delay_mean,formation_delay_bucket_counts,active_age_mean,active_age_bucket_counts,structural_score_mean,tradeable_live_score_mean,width_reference,score_distribution_audit,robustness,count,top_quartile_avg_r,top_decile_avg_r,bottom_decile_avg_r,top_quartile_win_rate,top_decile_win_rate,bottom_decile_win_rate,eqh_top_quartile_avg_r,eql_top_quartile_avg_r,eqh_top_quartile_win_rate,eql_top_quartile_win_rate,rank_corr,eqh_rank_corr,eql_rank_corr,win_rate_gap,score_repair_accepted,atr_tolerance,lookback_swings,inventory_growth_ratio,accepted
466,233,233,18.332618025751074,"{'0_10': 176, '11_25': 157, '26_50': 133}",70.3131727664155,"{'0_20': 4198, '101+': 4557, '21_50': 2893, '51_100': 3216}",0.5826805058679914,0.4759902875144196,0.10039973864710423,"{'count': 466, 'unique_score_count': 466, 'tie_frequency': 0.0, 'q75_threshold': 0.5223636288978146, 'q90_threshold': 0.5612397875861723, 'q10_threshold': 0.39566396364390666, 'top_quartile_count': 117, 'top_decile_count': 47, 'bottom_decile_count': 47, 'expected_top_quartile_count': 117, 'expected_top_decile_count': 47, 'q75_boundary_tie_count': 0, 'q90_boundary_tie_count': 0, 'top_quartile_tie_expansion': 0, 'top_decile_tie_expansion': 0, 'top_decile_same_threshold_as_top_quartile': False}","{'subperiod': {'first_half': {'count': 233, 'top_quartile_avg_r': 0.40919260057126944, 'top_decile_avg_r': 1.0056507146016067, 'bottom_decile_avg_r': -0.0629294172481764, 'top_quartile_win_rate': 0.6271186440677966, 'top_decile_win_rate': 0.8333333333333334, 'bottom_decile_win_rate': 0.2916666666666667, 'eqh_top_quartile_avg_r': 0.3846677714914149, 'eql_top_quartile_avg_r': 0.42600962622602684, 'eqh_top_quartile_win_rate': 0.7083333333333334, 'eql_top_quartile_win_rate': 0.5714285714285714, 'rank_corr': 0.20736235053127577, 'eqh_rank_corr': 0.17492231944340278, 'eql_rank_corr': 0.23672690743405853, 'win_rate_gap': 0.3354519774011299}, 'second_half': {'count': 233, 'top_quartile_avg_r': 0.25301193582088294, 'top_decile_avg_r': 0.6528001841466966, 'bottom_decile_avg_r': 0.4883771855910535, 'top_quartile_win_rate': 0.5084745762711864, 'top_decile_win_rate': 0.6666666666666666, 'bottom_decile_win_rate': 0.625, 'eqh_top_quartile_avg_r': 0.17587848120136484, 'eql_top_quartile_avg_r': 0.3579134341034277, 'eqh_top_quartile_win_rate': 0.5, 'eql_top_quartile_win_rate': 0.52, 'rank_corr': 0.007445966383110494, 'eqh_rank_corr': 0.04368428387892058, 'eql_rank_corr': -0.02598550868526399, 'win_rate_gap': -0.11652542372881358}}, 'side': {'eqh': {'count': 233, 'top_quartile_avg_r': 0.24799192576649545, 'top_decile_avg_r': 0.5324296692395475, 'bottom_decile_avg_r': -0.3294147532284247, 'top_quartile_win_rate': 0.576271186440678, 'top_decile_win_rate': 0.75, 'bottom_decile_win_rate': 0.25, 'eqh_top_quartile_avg_r': 0.24799192576649545, 'eql_top_quartile_avg_r': nan, 'eqh_top_quartile_win_rate': 0.576271186440678, 'eql_top_quartile_win_rate': nan, 'rank_corr': 0.1089295944316691, 'eqh_rank_corr': 0.1089295944316691, 'eql_rank_corr': nan, 'win_rate_gap': 0.326271186440678}, 'eql': {'count': 233, 'top_quartile_avg_r': 0.3725447133303385, 'top_decile_avg_r': 0.9772541861650454, 'bottom_decile_avg_r': 0.598332226468857, 'top_quartile_win_rate': 0.5423728813559322, 'top_decile_win_rate': 0.75, 'bottom_decile_win_rate': 0.5416666666666666, 'eqh_top_quartile_avg_r': nan, 'eql_top_quartile_avg_r': 0.3725447133303385, 'eqh_top_quartile_win_rate': nan, 'eql_top_quartile_win_rate': 0.5423728813559322, 'rank_corr': 0.11196773784098747, 'eqh_rank_corr': nan, 'eql_rank_corr': 0.11196773784098747, 'win_rate_gap': 0.0007062146892655718}}}",466,0.3273418392314791,0.8646309657350428,0.19021271639946186,0.5641025641025641,0.8085106382978723,0.425531914893617,0.2630485074378937,0.3884205044353853,0.5789473684210527,0.55,0.10784898942251901,0.1089295944316691,0.11196773784098747,0.13857064920894707,True,0.12,50,1.0,False
554,272,282,18.315884476534297,"{'0_10': 216, '11_25': 179, '26_50': 159}",67.95551707666587,"{'0_20': 4856, '101+': 4862, '21_50': 3363, '51_100': 3667}",0.5740543428273073,0.47026521256391585,0.1242577312163263,"{'count': 554, 'unique_score_count': 554, 'tie_frequency': 0.0, 'q75_threshold': 0.5185769234432283, 'q90_threshold': 0.5589522101923644, 'q10_threshold': 0.38924211631842115, 'top_quartile_count': 139, 'top_decile_count': 56, 'bottom_decile_count': 56, 'expected_top_quartile_count': 139, 'expected_top_decile_count': 56, 'q75_boundary_tie_count': 0, 'q90_boundary_tie_count': 0, 'top_quartile_tie_expansion': 0, 'top_decile_tie_expansion': 0, 'top_decile_same_threshold_as_top_quartile': False}","{'subperiod': {'first_half': {'count': 277, 'top_quartile_avg_r': 0.3549902779617538, 'top_decile_avg_r': 0.6779897173816591, 'bottom_decile_avg_r': -0.20738480443314486, 'top_quartile_win_rate': 0.5571428571428572, 'top_decile_win_rate': 0.7142857142857143, 'bottom_decile_win_rate': 0.25, 'eqh_top_quartile_avg_r': 0.4923434696177172, 'eql_top_quartile_avg_r': 0.2578380204489992, 'eqh_top_quartile_win_rate': 0.6551724137931034, 'eql_top_quartile_win_rate': 0.4878048780487805, 'rank_corr': 0.17682454764715266, 'eqh_rank_corr': 0.18195743210286222, 'eql_rank_corr': 0.17904951034792685, 'win_rate_gap': 0.30714285714285716}, 'second_half': {'count': 277, 'top_quartile_avg_r': 0.2339675956925163, 'top_decile_avg_r': 0.5630563589370793, 'bottom_decile_avg_r': 0.3500068443458755, 'top_quartile_win_rate': 0.5, 'top_decile_win_rate': 0.6428571428571429, 'bottom_decile_win_rate': 0.6071428571428571, 'eqh_top_quartile_avg_r': 0.22936366318308543, 'eql_top_quartile_avg_r': 0.23912958062733264, 'eqh_top_quartile_win_rate': 0.5405405405405406, 'eql_top_quartile_win_rate': 0.45454545454545453, 'rank_corr': 0.001490692242386153, 'eqh_rank_corr': 0.04893861951370259, 'eql_rank_corr': -0.03129038403563901, 'win_rate_gap': -0.1071428571428571}}, 'side': {'eqh': {'count': 272, 'top_quartile_avg_r': 0.3159794592576891, 'top_decile_avg_r': 0.5438358445854421, 'bottom_decile_avg_r': -0.2868943088009078, 'top_quartile_win_rate': 0.5735294117647058, 'top_decile_win_rate': 0.7142857142857143, 'bottom_decile_win_rate': 0.32142857142857145, 'eqh_top_quartile_avg_r': 0.3159794592576891, 'eql_top_quartile_avg_r': nan, 'eqh_top_quartile_win_rate': 0.5735294117647058, 'eql_top_quartile_win_rate': nan, 'rank_corr': 0.11445852836676125, 'eqh_rank_corr': 0.11445852836676125, 'eql_rank_corr': nan, 'win_rate_gap': 0.2521008403361344}, 'eql': {'count': 282, 'top_quartile_avg_r': 0.27443927889398917, 'top_decile_avg_r': 0.7028062906808301, 'bottom_decile_avg_r': 0.3316685965454416, 'top_quartile_win_rate': 0.49295774647887325, 'top_decile_win_rate': 0.6551724137931034, 'bottom_decile_win_rate': 0.4827586206896552, 'eqh_top_quartile_avg_r': nan, 'eql_top_quartile_avg_r': 0.27443927889398917, 'eqh_top_quartile_win_rate': nan, 'eql_top_quartile_win_rate': 0.49295774647887325, 'rank_corr': 0.07569000504340119, 'eqh_rank_corr': nan, 'eql_rank_corr': 0.07569000504340119, 'win_rate_gap': 0.010199125789218055}}}",554,0.2855637194174431,0.530041006832515,0.046166940239149724,0.5251798561151079,0.6607142857142857,0.4107142857142857,0.3062458666087368,0.2663178324477669,0.5671641791044776,0.4861111111111111,0.0903797439420926,0.11445852836676125,0.07569000504340119,0.11446557040082217,True,0.15,50,1.1888412017167382,False
626,312,314,18.447284345047922,"{'0_10': 238, '11_25': 211, '26_50': 175, '51+': 2}",66.8133016895519,"{'0_20': 5234, '101+': 4979, '21_50': 3574, '51_100': 3910}",0.566867785365952,0.4663494044536135,0.14470669643008685,"{'count': 626, 'unique_score_count': 626, 'tie_frequency': 0.0, 'q75_threshold': 0.5149352434097652, 'q90_threshold': 0.555354119074955, 'q10_threshold': 0.3871171523033937, 'top_quartile_count': 157, 'top_decile_count': 63, 'bottom_decile_count': 63, 'expected_top_quartile_count': 157, 'expected_top_decile_count': 63, 'q75_boundary_tie_count': 0, 'q90_boundary_tie_count': 0, 'top_quartile_tie_expansion': 0, 'top_decile_tie_expansion': 0, 'top_decile_same_threshold_as_top_quartile': False}","{'subperiod': {'first_half': {'count': 313, 'top_quartile_avg_r': 0.2744786756589744, 'top_decile_avg_r': 0.29380471179239154, 'bottom_decile_avg_r': 0.29028961339264336, 'top_quartile_win_rate': 0.5316455696202531, 'top_decile_win_rate': 0.5625, 'bottom_decile_win_rate': 0.4375, 'eqh_top_quartile_avg_r': 0.2714938124946816, 'eql_top_quartile_avg_r': 0.2772451342014897, 'eqh_top_quartile_win_rate': 0.5526315789473685, 'eql_top_quartile_win_rate': 0.5121951219512195, 'rank_corr': 0.11197691692480664, 'eqh_rank_corr': 0.12545246891197906, 'eql_rank_corr': 0.10456534841520937, 'win_rate_gap': 0.09414556962025311}, 'second_half': {'count': 313, 'top_quartile_avg_r': 0.20019554051042968, 'top_decile_avg_r': 0.5733243916135924, 'bottom_decile_avg_r': 0.4442127982123032, 'top_quartile_win_rate': 0.4810126582278481, 'top_decile_win_rate': 0.59375, 'bottom_decile_win_rate': 0.53125, 'eqh_top_quartile_avg_r': 0.12879653786385317, 'eql_top_quartile_avg_r': 0.2663702258901835, 'eqh_top_quartile_win_rate': 0.4473684210526316, 'eql_top_quartile_win_rate': 0.5121951219512195, 'rank_corr': 0.014223152807294925, 'eqh_rank_corr': -0.014639510062654423, 'eql_rank_corr': 0.0439428566315368, 'win_rate_gap': -0.05023734177215189}}, 'side': {'eqh': {'count': 312, 'top_quartile_avg_r': 0.1914894122307454, 'top_decile_avg_r': 0.6926246866445275, 'bottom_decile_avg_r': 0.0909325820195496, 'top_quartile_win_rate': 0.5, 'top_decile_win_rate': 0.6875, 'bottom_decile_win_rate': 0.40625, 'eqh_top_quartile_avg_r': 0.1914894122307454, 'eql_top_quartile_avg_r': nan, 'eqh_top_quartile_win_rate': 0.5, 'eql_top_quartile_win_rate': nan, 'rank_corr': 0.057585177741310924, 'eqh_rank_corr': 0.057585177741310924, 'eql_rank_corr': nan, 'win_rate_gap': 0.09375}, 'eql': {'count': 314, 'top_quartile_avg_r': 0.2474224202986696, 'top_decile_avg_r': 0.4372558690770753, 'bottom_decile_avg_r': 0.43212898075589107, 'top_quartile_win_rate': 0.5063291139240507, 'top_decile_win_rate': 0.59375, 'bottom_decile_win_rate': 0.5, 'eqh_top_quartile_avg_r': nan, 'eql_top_quartile_avg_r': 0.2474224202986696, 'eqh_top_quartile_win_rate': nan, 'eql_top_quartile_win_rate': 0.5063291139240507, 'rank_corr': 0.07845325930490209, 'eqh_rank_corr': nan, 'eql_rank_corr': 0.07845325930490209, 'win_rate_gap': 0.006329113924050667}}}",626,0.2608867036704137,0.4572055013319814,0.2815550795049858,0.5159235668789809,0.6031746031746031,0.4603174603174603,0.23914898871997528,0.2807687600275221,0.52,0.5121951219512195,0.06550994588344775,0.057585177741310924,0.07845325930490209,0.055606106561520596,True,0.18,50,1.3433476394849786,False
570,287,283,15.085964912280701,"{'0_10': 244, '11_25': 216, '26_50': 109, '51+': 1}",66.78242092457421,"{'0_20': 4846, '101+': 4618, '21_50': 3332, '51_100': 3644}",0.5722976387044137,0.4538709404228255,0.14326052689445343,"{'count': 570, 'unique_score_count': 570, 'tie_frequency': 0.0, 'q75_threshold': 0.4991885225634498, 'q90_threshold': 0.5336141094028892, 'q10_threshold': 0.38400892127128067, 'top_quartile_count': 143, 'top_decile_count': 57, 'bottom_decile_count': 57, 'expected_top_quartile_count': 143, 'expected_top_decile_count': 57, 'q75_boundary_tie_count': 0, 'q90_boundary_tie_count': 0, 'top_quartile_tie_expansion': 0, 'top_decile_tie_expansion': 0, 'top_decile_same_threshold_as_top_quartile': False}","{'subperiod': {'first_half': {'count': 285, 'top_quartile_avg_r': 0.10816469792124127, 'top_decile_avg_r': 0.26289736855321594, 'bottom_decile_avg_r': 0.31640922232381874, 'top_quartile_win_rate': 0.5, 'top_decile_win_rate': 0.6551724137931034, 'bottom_decile_win_rate': 0.4482758620689655, 'eqh_top_quartile_avg_r': 0.08466290376266536, 'eql_top_quartile_avg_r': 0.13300945174602155, 'eqh_top_quartile_win_rate': 0.5135135135135135, 'eql_top_quartile_win_rate': 0.4857142857142857, 'rank_corr': 0.06337779607072809, 'eqh_rank_corr': 0.06244818650584476, 'eql_rank_corr': 0.07423011373137442, 'win_rate_gap': 0.051724137931034475}, 'second_half': {'count': 285, 'top_quartile_avg_r': 0.15217420649096874, 'top_decile_avg_r': 0.5257734466251782, 'bottom_decile_avg_r': 0.5885644351258277, 'top_quartile_win_rate': 0.4444444444444444, 'top_decile_win_rate': 0.5517241379310345, 'bottom_decile_win_rate': 0.5862068965517241, 'eqh_top_quartile_avg_r': -0.03679947803347256, 'eql_top_quartile_avg_r': 0.3519463872739496, 'eqh_top_quartile_win_rate': 0.35135135135135137, 'eql_top_quartile_win_rate': 0.5428571428571428, 'rank_corr': -0.03238470298222145, 'eqh_rank_corr': -0.1369887025435443, 'eql_rank_corr': 0.0695099172269291, 'win_rate_gap': -0.14176245210727967}}, 'side': {'eqh': {'count': 287, 'top_quartile_avg_r': 0.029676862287901735, 'top_decile_avg_r': 0.10670286667171176, 'bottom_decile_avg_r': 0.39214457445146284, 'top_quartile_win_rate': 0.4305555555555556, 'top_decile_win_rate': 0.4827586206896552, 'bottom_decile_win_rate': 0.5172413793103449, 'eqh_top_quartile_avg_r': 0.029676862287901735, 'eql_top_quartile_avg_r': nan, 'eqh_top_quartile_win_rate': 0.4305555555555556, 'eql_top_quartile_win_rate': nan, 'rank_corr': -0.034093226548266346, 'eqh_rank_corr': -0.034093226548266346, 'eql_rank_corr': nan, 'win_rate_gap': -0.08668582375478928}, 'eql': {'count': 283, 'top_quartile_avg_r': 0.27177658514630104, 'top_decile_avg_r': 0.44751952005678186, 'bottom_decile_avg_r': 0.4236937698262049, 'top_quartile_win_rate': 0.5211267605633803, 'top_decile_win_rate': 0.6206896551724138, 'bottom_decile_win_rate': 0.4827586206896552, 'eqh_top_quartile_avg_r': nan, 'eql_top_quartile_avg_r': 0.27177658514630104, 'eqh_top_quartile_win_rate': nan, 'eql_top_quartile_win_rate': 0.5211267605633803, 'rank_corr': 0.07687743963911425, 'eqh_rank_corr': nan, 'eql_rank_corr': 0.07687743963911425, 'win_rate_gap': 0.03836813987372506}}}",570,0.1498802211896245,0.3272703185689203,0.43261950849214675,0.4755244755244755,0.5614035087719298,0.5087719298245614,0.029676862287901735,0.27177658514630104,0.4305555555555556,0.5211267605633803,0.018231562466047676,-0.034093226548266346,0.07687743963911425,-0.03324745430008591,True,0.18,40,1.2231759656652361,False
423,212,211,15.31678486997636,"{'0_10': 178, '11_25': 159, '26_50': 86}",68.59709880762513,"{'0_20': 3827, '101+': 3902, '21_50': 2608, '51_100': 2830}",0.5882262496567404,0.4653130530752243,0.0997636157339365,"{'count': 423, 'unique_score_count': 423, 'tie_frequency': 0.0, 'q75_threshold': 0.5078042003544874, 'q90_threshold': 0.5467761992705312, 'q10_threshold': 0.39313890258374456, 'top_quartile_count': 106, 'top_decile_count': 43, 'bottom_decile_count': 43, 'expected_top_quartile_count': 106, 'expected_top_decile_count': 43, 'q75_boundary_tie_count': 0, 'q90_boundary_tie_count': 0, 'top_quartile_tie_expansion': 0, 'top_decile_tie_expansion': 0, 'top_decile_same_threshold_as_top_quartile': False}","{'subperiod': {'first_half': {'count': 212, 'top_quartile_avg_r': 0.025587485061136582, 'top_decile_avg_r': 0.3015805397799036, 'bottom_decile_avg_r': -0.05170565273240173, 'top_quartile_win_rate': 0.5094339622641509, 'top_decile_win_rate': 0.6818181818181818, 'bottom_decile_win_rate': 0.3181818181818182, 'eqh_top_quartile_avg_r': -0.030323331091234158, 'eql_top_quartile_avg_r': 0.07185850532516755, 'eqh_top_quartile_win_rate': 0.5416666666666666, 'eql_top_quartile_win_rate': 0.4827586206896552, 'rank_corr': 0.1489115164143276, 'eqh_rank_corr': 0.12518239996685349, 'eql_rank_corr': 0.18702254939747337, 'win_rate_gap': 0.19125214408233276}, 'second_half': {'count': 211, 'top_quartile_avg_r': 0.09299354575748245, 'top_decile_avg_r': 0.23178400341621835, 'bottom_decile_avg_r': 0.6985206410424916, 'top_quartile_win_rate': 0.41509433962264153, 'top_decile_win_rate': 0.45454545454545453, 'bottom_decile_win_rate': 0.6363636363636364, 'eqh_top_quartile_avg_r': -0.07397220249882906, 'eql_top_quartile_avg_r': 0.32826346375501225, 'eqh_top_quartile_win_rate': 0.3870967741935484, 'eql_top_quartile_win_rate': 0.45454545454545453, 'rank_corr': -0.06256984893645991, 'eqh_rank_corr': -0.11671842268503953, 'eql_rank_corr': -0.0138295740471887, 'win_rate_gap': -0.22126929674099483}}, 'side': {'eqh': {'count': 212, 'top_quartile_avg_r': -0.05832170796051923, 'top_decile_avg_r': 0.023826013154159706, 'bottom_decile_avg_r': -0.09040016633083275, 'top_quartile_win_rate': 0.4528301886792453, 'top_decile_win_rate': 0.5454545454545454, 'bottom_decile_win_rate': 0.3181818181818182, 'eqh_top_quartile_avg_r': -0.05832170796051923, 'eql_top_quartile_avg_r': nan, 'eqh_top_quartile_win_rate': 0.4528301886792453, 'eql_top_quartile_win_rate': nan, 'rank_corr': 0.006415159278186623, 'eqh_rank_corr': 0.006415159278186623, 'eql_rank_corr': nan, 'win_rate_gap': 0.13464837049742712}, 'eql': {'count': 211, 'top_quartile_avg_r': 0.2569625712404871, 'top_decile_avg_r': 0.5799966998583386, 'bottom_decile_avg_r': 0.5281978000201705, 'top_quartile_win_rate': 0.49056603773584906, 'top_decile_win_rate': 0.6363636363636364, 'bottom_decile_win_rate': 0.5, 'eqh_top_quartile_avg_r': nan, 'eql_top_quartile_avg_r': 0.2569625712404871, 'eqh_top_quartile_win_rate': nan, 'eql_top_quartile_win_rate': 0.49056603773584906, 'rank_corr': 0.08569978333366549, 'eqh_rank_corr': nan, 'eql_rank_corr': 0.08569978333366549, 'win_rate_gap': -0.009433962264150941}}}",423,0.09932043163998398,0.29613999884452746,0.24724530095733566,0.4716981132075472,0.5813953488372093,0.4186046511627907,-0.05832170796051923,0.2569625712404871,0.4528301886792453,0.49056603773584906,0.0422477795110688,0.006415159278186623,0.08569978333366549,0.053093462044756456,True,0.12,40,0.907725321888412,False
500,248,252,14.888,"{'0_10': 218, '11_25': 185, '26_50': 97}",66.9678599946766,"{'0_20': 4443, '101+': 4285, '21_50': 3057, '51_100': 3243}",0.5797611714476536,0.4577201460444675,0.12375983957355546,"{'count': 500, 'unique_score_count': 500, 'tie_frequency': 0.0, 'q75_threshold': 0.5020048350100809, 'q90_threshold': 0.5399668547537266, 'q10_threshold': 0.3872448319508385, 'top_quartile_count': 125, 'top_decile_count': 50, 'bottom_decile_count': 50, 'expected_top_quartile_count': 125, 'expected_top_decile_count': 50, 'q75_boundary_tie_count': 0, 'q90_boundary_tie_count': 0, 'top_quartile_tie_expansion': 0, 'top_decile_tie_expansion': 0, 'top_decile_same_threshold_as_top_quartile': False}","{'subperiod': {'first_half': {'count': 250, 'top_quartile_avg_r': 0.07179689163210451, 'top_decile_avg_r': 0.21109734271725486, 'bottom_decile_avg_r': -0.14023760042731187, 'top_quartile_win_rate': 0.5079365079365079, 'top_decile_win_rate': 0.68, 'bottom_decile_win_rate': 0.28, 'eqh_top_quartile_avg_r': 0.032909700876939854, 'eql_top_quartile_avg_r': 0.10496537786445087, 'eqh_top_quartile_win_rate': 0.5517241379310345, 'eql_top_quartile_win_rate': 0.47058823529411764, 'rank_corr': 0.1225379181921348, 'eqh_rank_corr': 0.12012551332017277, 'eql_rank_corr': 0.139783889733784, 'win_rate_gap': 0.22793650793650788}, 'second_half': {'count': 250, 'top_quartile_avg_r': 0.1282787649190108, 'top_decile_avg_r': 0.37091287369065656, 'bottom_decile_avg_r': 0.4498394810614624, 'top_quartile_win_rate': 0.4444444444444444, 'top_decile_win_rate': 0.52, 'bottom_decile_win_rate': 0.6, 'eqh_top_quartile_avg_r': -0.015012476666239838, 'eql_top_quartile_avg_r': 0.296275392984477, 'eqh_top_quartile_win_rate': 0.4117647058823529, 'eql_top_quartile_win_rate': 0.4827586206896552, 'rank_corr': -0.04519165515393927, 'eqh_rank_corr': -0.08341941408154332, 'eql_rank_corr': 0.0027300855421355658, 'win_rate_gap': -0.15555555555555556}}, 'side': {'eqh': {'count': 248, 'top_quartile_avg_r': 0.023289630948050023, 'top_decile_avg_r': -0.05039282115785038, 'bottom_decile_avg_r': -0.1252883216355693, 'top_quartile_win_rate': 0.4838709677419355, 'top_decile_win_rate': 0.52, 'bottom_decile_win_rate': 0.4, 'eqh_top_quartile_avg_r': 0.023289630948050023, 'eql_top_quartile_avg_r': nan, 'eqh_top_quartile_win_rate': 0.4838709677419355, 'eql_top_quartile_win_rate': nan, 'rank_corr': 0.0160268386318555, 'eqh_rank_corr': 0.0160268386318555, 'eql_rank_corr': nan, 'win_rate_gap': 0.08387096774193548}, 'eql': {'count': 252, 'top_quartile_avg_r': 0.19302871815779626, 'top_decile_avg_r': 0.49573488908562496, 'bottom_decile_avg_r': 0.22811153058250896, 'top_quartile_win_rate': 0.47619047619047616, 'top_decile_win_rate': 0.6153846153846154, 'bottom_decile_win_rate': 0.4230769230769231, 'eqh_top_quartile_avg_r': nan, 'eql_top_quartile_avg_r': 0.19302871815779626, 'eqh_top_quartile_win_rate': nan, 'eql_top_quartile_win_rate': 0.47619047619047616, 'rank_corr': 0.07489452868430388, 'eqh_rank_corr': nan, 'eql_rank_corr': 0.07489452868430388, 'win_rate_gap': 0.05311355311355309}}}",500,0.10883813090176211,0.26061961052276905,0.07597383508512003,0.48,0.58,0.42,0.023289630948050023,0.19302871815779626,0.4838709677419355,0.47619047619047616,0.03962790950693683,0.0160268386318555,0.07489452868430388,0.06,True,0.15,40,1.0729613733905579,False
370,185,185,11.908108108108108,"{'0_10': 181, '11_25': 164, '26_50': 25}",68.02379895213569,"{'0_20': 3348, '101+': 3298, '21_50': 2257, '51_100': 2358}",0.5931449295804425,0.45230682993050525,0.09934074933593291,"{'count': 370, 'unique_score_count': 370, 'tie_frequency': 0.0, 'q75_threshold': 0.4874867321601463, 'q90_threshold': 0.516354649752767, 'q10_threshold': 0.3892949525172145, 'top_quartile_count': 93, 'top_decile_count': 37, 'bottom_decile_count': 37, 'expected_top_quartile_count': 93, 'expected_top_decile_count': 37, 'q75_boundary_tie_count': 0, 'q90_boundary_tie_count': 0, 'top_quartile_tie_expansion': 0, 'top_decile_tie_expansion': 0, 'top_decile_same_threshold_as_top_quartile': False}","{'subperiod': {'first_half': {'count': 185, 'top_quartile_avg_r': -0.0392702886305364, 'top_decile_avg_r': -0.069107285248512, 'bottom_decile_avg_r': 0.09802503367827171, 'top_quartile_win_rate': 0.46808510638297873, 'top_decile_win_rate': 0.47368421052631576, 'bottom_decile_win_rate': 0.3684210526315789, 'eqh_top_quartile_avg_r': -0.1461324460717859, 'eql_top_quartile_avg_r': 0.07223804956902831, 'eqh_top_quartile_win_rate': 0.5, 'eql_top_quartile_win_rate': 0.43478260869565216, 'rank_corr': 0.11382074789730459, 'eqh_rank_corr': 0.10284726444839909, 'eql_rank_corr': 0.14575089257766477, 'win_rate_gap': 0.0996640537513998}, 'second_half': {'count': 185, 'top_quartile_avg_r': -0.0173776419954118, 'top_decile_avg_r': 0.0554016210943343, 'bottom_decile_avg_r': 0.670900125908352, 'top_quartile_win_rate': 0.425531914893617, 'top_decile_win_rate': 0.5263157894736842, 'bottom_decile_win_rate': 0.631578947368421, 'eqh_top_quartile_avg_r': -0.04754820881404306, 'eql_top_quartile_avg_r': 0.01410468859794255, 'eqh_top_quartile_win_rate': 0.4166666666666667, 'eql_top_quartile_win_rate': 0.43478260869565216, 'rank_corr': -0.09495520972094973, 'eqh_rank_corr': -0.1302150426006903, 'eql_rank_corr': -0.07831838550761623, 'win_rate_gap': -0.206047032474804}}, 'side': {'eqh': {'count': 185, 'top_quartile_avg_r': -0.13822425898992152, 'top_decile_avg_r': -0.19325261687875192, 'bottom_decile_avg_r': 0.08507604093993168, 'top_quartile_win_rate': 0.44680851063829785, 'top_decile_win_rate': 0.47368421052631576, 'bottom_decile_win_rate': 0.42105263157894735, 'eqh_top_quartile_avg_r': -0.13822425898992152, 'eql_top_quartile_avg_r': nan, 'eqh_top_quartile_win_rate': 0.44680851063829785, 'eql_top_quartile_win_rate': nan, 'rank_corr': -0.010433949316695806, 'eqh_rank_corr': -0.010433949316695806, 'eql_rank_corr': nan, 'win_rate_gap': 0.025755879059350506}, 'eql': {'count': 185, 'top_quartile_avg_r': 0.02479344523914193, 'top_decile_avg_r': 0.17954695272457424, 'bottom_decile_avg_r': 0.541942000912677, 'top_quartile_win_rate': 0.425531914893617, 'top_decile_win_rate': 0.5263157894736842, 'bottom_decile_win_rate': 0.5263157894736842, 'eqh_top_quartile_avg_r': nan, 'eql_top_quartile_avg_r': 0.02479344523914193, 'eqh_top_quartile_win_rate': nan, 'eql_top_quartile_win_rate': 0.425531914893617, 'rank_corr': 0.03931432458402789, 'eqh_rank_corr': nan, 'eql_rank_corr': 0.03931432458402789, 'win_rate_gap': -0.10078387458006716}}}",370,-0.05432148129335792,-0.026636444846032482,0.42188048735529315,0.44086021505376344,0.4864864864864865,0.5135135135135135,-0.13822425898992152,0.03140526983139189,0.44680851063829785,0.43478260869565216,0.00962143052341929,-0.010433949316695806,0.03931432458402789,-0.07265329845975005,True,0.12,30,0.7939914163090128,False
482,240,242,10.535269709543568,"{'0_10': 259, '11_25': 223}",66.93917466685771,"{'0_20': 4132, '101+': 3965, '21_50': 2867, '51_100': 2994}",0.5770316994252346,0.4352179978648637,0.1417547403696091,"{'count': 482, 'unique_score_count': 482, 'tie_frequency': 0.0, 'q75_threshold': 0.46847037402829184, 'q90_threshold': 0.5032134165163307, 'q10_threshold': 0.37840254372789944, 'top_quartile_count': 121, 'top_decile_count': 49, 'bottom_decile_count': 49, 'expected_top_quartile_count': 121, 'expected_top_decile_count': 49, 'q75_boundary_tie_count': 0, 'q90_boundary_tie_count': 0, 'top_quartile_tie_expansion': 0, 'top_decile_tie_expansion': 0, 'top_decile_same_threshold_as_top_quartile': False}","{'subperiod': {'first_half': {'count': 241, 'top_quartile_avg_r': -0.0685614699233262, 'top_decile_avg_r': -0.20202285654432495, 'bottom_decile_avg_r': -0.13844708205271744, 'top_quartile_win_rate': 0.36065573770491804, 'top_decile_win_rate': 0.32, 'bottom_decile_win_rate': 0.4, 'eqh_top_quartile_avg_r': -0.17146761757416618, 'eql_top_quartile_avg_r': 0.007883096903012086, 'eqh_top_quartile_win_rate': 0.34615384615384615, 'eql_top_quartile_win_rate': 0.37142857142857144, 'rank_corr': -0.025797930231337737, 'eqh_rank_corr': -0.011121863100187413, 'eql_rank_corr': -0.027972339936524277, 'win_rate_gap': -0.03934426229508198}, 'second_half': {'count': 241, 'top_quartile_avg_r': -0.050789652911273596, 'top_decile_avg_r': 0.09448157995726561, 'bottom_decile_avg_r': 0.5735457240626004, 'top_quartile_win_rate': 0.39344262295081966, 'top_decile_win_rate': 0.4, 'bottom_decile_win_rate': 0.6, 'eqh_top_quartile_avg_r': -0.16645572438223363, 'eql_top_quartile_avg_r': 0.04106281560978282, 'eqh_top_quartile_win_rate': 0.3333333333333333, 'eql_top_quartile_win_rate': 0.4411764705882353, 'rank_corr': -0.09779163681772106, 'eqh_rank_corr': -0.15550252735808176, 'eql_rank_corr': -0.033261224698178306, 'win_rate_gap': -0.2065573770491803}}, 'side': {'eqh': {'count': 240, 'top_quartile_avg_r': -0.1695059585565504, 'top_decile_avg_r': -0.2541560976820243, 'bottom_decile_avg_r': 0.3505246271832305, 'top_quartile_win_rate': 0.31666666666666665, 'top_decile_win_rate': 0.25, 'bottom_decile_win_rate': 0.5, 'eqh_top_quartile_avg_r': -0.1695059585565504, 'eql_top_quartile_avg_r': nan, 'eqh_top_quartile_win_rate': 0.31666666666666665, 'eql_top_quartile_win_rate': nan, 'rank_corr': -0.07810787546942768, 'eqh_rank_corr': -0.07810787546942768, 'eql_rank_corr': nan, 'win_rate_gap': -0.18333333333333335}, 'eql': {'count': 242, 'top_quartile_avg_r': -0.03419200157093633, 'top_decile_avg_r': 0.06711874854115657, 'bottom_decile_avg_r': 0.6514847729983976, 'top_quartile_win_rate': 0.39344262295081966, 'top_decile_win_rate': 0.44, 'bottom_decile_win_rate': 0.56, 'eqh_top_quartile_avg_r': nan, 'eql_top_quartile_avg_r': -0.03419200157093633, 'eqh_top_quartile_win_rate': nan, 'eql_top_quartile_win_rate': 0.39344262295081966, 'rank_corr': -0.02293678694597036, 'eqh_rank_corr': nan, 'eql_rank_corr': -0.02293678694597036, 'win_rate_gap': -0.1665573770491804}}}",482,-0.051904285065376754,-0.06639400391390785,0.4774124692267612,0.38016528925619836,0.3469387755102041,0.5102040816326531,-0.1689143889669552,0.03929476650497115,0.33962264150943394,0.4117647058823529,-0.05542315394960586,-0.07810787546942768,-0.02293678694597036,-0.13003879237645471,True,0.18,25,1.0343347639484979,False
443,219,224,11.56433408577878,"{'0_10': 224, '11_25': 190, '26_50': 29}",66.36193771626297,"{'0_20': 3962, '101+': 3670, '21_50': 2647, '51_100': 2726}",0.5841695220497171,0.44472958999810225,0.12373831934843833,"{'count': 443, 'unique_score_count': 443, 'tie_frequency': 0.0, 'q75_threshold': 0.4813264399558899, 'q90_threshold': 0.5119195322061864, 'q10_threshold': 0.3845118057135513, 'top_quartile_count': 111, 'top_decile_count': 45, 'bottom_decile_count': 45, 'expected_top_quartile_count': 111, 'expected_top_decile_count': 45, 'q75_boundary_tie_count': 0, 'q90_boundary_tie_count': 0, 'top_quartile_tie_expansion': 0, 'top_decile_tie_expansion': 0, 'top_decile_same_threshold_as_top_quartile': False}","{'subperiod': {'first_half': {'count': 222, 'top_quartile_avg_r': -0.0914184171550353, 'top_decile_avg_r': -0.12324928783717672, 'bottom_decile_avg_r': -0.06547565263838248, 'top_quartile_win_rate': 0.42857142857142855, 'top_decile_win_rate': 0.43478260869565216, 'bottom_decile_win_rate': 0.30434782608695654, 'eqh_top_quartile_avg_r': -0.07534173454464752, 'eql_top_quartile_avg_r': -0.10438348377631576, 'eqh_top_quartile_win_rate': 0.48, 'eql_top_quartile_win_rate': 0.3870967741935484, 'rank_corr': 0.07873337551973471, 'eqh_rank_corr': 0.10491163411235248, 'eql_rank_corr': 0.07400107607566268, 'win_rate_gap': 0.124223602484472}, 'second_half': {'count': 221, 'top_quartile_avg_r': -0.028072293914336712, 'top_decile_avg_r': -0.08836727653255794, 'bottom_decile_avg_r': 0.4584944750473109, 'top_quartile_win_rate': 0.4642857142857143, 'top_decile_win_rate': 0.43478260869565216, 'bottom_decile_win_rate': 0.6086956521739131, 'eqh_top_quartile_avg_r': 0.04039026889120502, 'eql_top_quartile_avg_r': -0.08740651501247286, 'eqh_top_quartile_win_rate': 0.5, 'eql_top_quartile_win_rate': 0.43333333333333335, 'rank_corr': -0.08382080838959928, 'eqh_rank_corr': -0.05874136887494566, 'eql_rank_corr': -0.09964357164589523, 'win_rate_gap': -0.14440993788819878}}, 'side': {'eqh': {'count': 219, 'top_quartile_avg_r': 0.026684830151311525, 'top_decile_avg_r': -0.2289673761984212, 'bottom_decile_avg_r': -0.04037677545780333, 'top_quartile_win_rate': 0.4909090909090909, 'top_decile_win_rate': 0.45454545454545453, 'bottom_decile_win_rate': 0.45454545454545453, 'eqh_top_quartile_avg_r': 0.026684830151311525, 'eql_top_quartile_avg_r': nan, 'eqh_top_quartile_win_rate': 0.4909090909090909, 'eql_top_quartile_win_rate': nan, 'rank_corr': 0.02301508231472715, 'eqh_rank_corr': 0.02301508231472715, 'eql_rank_corr': nan, 'win_rate_gap': 0.036363636363636376}, 'eql': {'count': 224, 'top_quartile_avg_r': -0.10879979832001974, 'top_decile_avg_r': 0.050873969385276954, 'bottom_decile_avg_r': 0.388299991093271, 'top_quartile_win_rate': 0.39285714285714285, 'top_decile_win_rate': 0.43478260869565216, 'bottom_decile_win_rate': 0.4782608695652174, 'eqh_top_quartile_avg_r': nan, 'eql_top_quartile_avg_r': -0.10879979832001974, 'eqh_top_quartile_win_rate': nan, 'eql_top_quartile_win_rate': 0.39285714285714285, 'rank_corr': -0.0050992291224664634, 'eqh_rank_corr': nan, 'eql_rank_corr': -0.0050992291224664634, 'win_rate_gap': -0.08540372670807456}}}",443,-0.06909775111955312,-0.08593735512230882,0.12842110295854142,0.44144144144144143,0.4444444444444444,0.4444444444444444,-0.03250180274443196,-0.09909443011555406,0.48,0.4098360655737705,0.0004939930420489237,0.02301508231472715,-0.0050992291224664634,-0.003003003003002991,True,0.15,30,0.9506437768240343,False
420,207,213,10.392857142857142,"{'0_10': 228, '11_25': 192}",67.73553010828076,"{'0_20': 3770, '101+': 3730, '21_50': 2622, '51_100': 2715}",0.5846524206949915,0.439409247961438,0.12293393635753357,"{'count': 420, 'unique_score_count': 420, 'tie_frequency': 0.0, 'q75_threshold': 0.47367221334339227, 'q90_threshold': 0.5060158936616821, 'q10_threshold': 0.38267866212484475, 'top_quartile_count': 105, 'top_decile_count': 42, 'bottom_decile_count': 42, 'expected_top_quartile_count': 105, 'expected_top_decile_count': 42, 'q75_boundary_tie_count': 0, 'q90_boundary_tie_count': 0, 'top_quartile_tie_expansion': 0, 'top_decile_tie_expansion': 0, 'top_decile_same_threshold_as_top_quartile': False}","{'subperiod': {'first_half': {'count': 210, 'top_quartile_avg_r': -0.04107556152517856, 'top_decile_avg_r': -0.15288209604460712, 'bottom_decile_avg_r': -0.12429931525768896, 'top_quartile_win_rate': 0.37735849056603776, 'top_decile_win_rate': 0.3333333333333333, 'bottom_decile_win_rate': 0.2857142857142857, 'eqh_top_quartile_avg_r': -0.16340550994469363, 'eql_top_quartile_avg_r': 0.052710732263116296, 'eqh_top_quartile_win_rate': 0.34782608695652173, 'eql_top_quartile_win_rate': 0.4, 'rank_corr': 0.06387358167328665, 'eqh_rank_corr': 0.0766126830528894, 'eql_rank_corr': 0.08155600253709336, 'win_rate_gap': 0.09164420485175206}, 'second_half': {'count': 210, 'top_quartile_avg_r': -0.04609907531494237, 'top_decile_avg_r': -0.05725062289647215, 'bottom_decile_avg_r': 0.43808626108457044, 'top_quartile_win_rate': 0.41509433962264153, 'top_decile_win_rate': 0.3333333333333333, 'bottom_decile_win_rate': 0.6190476190476191, 'eqh_top_quartile_avg_r': -0.06453558609870437, 'eql_top_quartile_avg_r': -0.03196441704739147, 'eqh_top_quartile_win_rate': 0.391304347826087, 'eql_top_quartile_win_rate': 0.43333333333333335, 'rank_corr': -0.10940777249877023, 'eqh_rank_corr': -0.09385861668176902, 'eql_rank_corr': -0.12238053676134027, 'win_rate_gap': -0.20395327942497754}}, 'side': {'eqh': {'count': 207, 'top_quartile_avg_r': -0.01878910255184231, 'top_decile_avg_r': -0.21427519600998335, 'bottom_decile_avg_r': -0.021379308724421637, 'top_quartile_win_rate': 0.40384615384615385, 'top_decile_win_rate': 0.2857142857142857, 'bottom_decile_win_rate': 0.47619047619047616, 'eqh_top_quartile_avg_r': -0.01878910255184231, 'eql_top_quartile_avg_r': nan, 'eqh_top_quartile_win_rate': 0.40384615384615385, 'eql_top_quartile_win_rate': nan, 'rank_corr': -0.011050325798158242, 'eqh_rank_corr': -0.011050325798158242, 'eql_rank_corr': nan, 'win_rate_gap': -0.07234432234432231}, 'eql': {'count': 213, 'top_quartile_avg_r': -0.03635845440861966, 'top_decile_avg_r': -0.14900754395891846, 'bottom_decile_avg_r': 0.33149932506912366, 'top_quartile_win_rate': 0.4074074074074074, 'top_decile_win_rate': 0.36363636363636365, 'bottom_decile_win_rate': 0.4090909090909091, 'eqh_top_quartile_avg_r': nan, 'eql_top_quartile_avg_r': -0.03635845440861966, 'eqh_top_quartile_win_rate': nan, 'eql_top_quartile_win_rate': 0.4074074074074074, 'rank_corr': -0.01254724988530293, 'eqh_rank_corr': nan, 'eql_rank_corr': -0.01254724988530293, 'win_rate_gap': -0.0016835016835017313}}}",420,-0.05074626004595495,-0.10506635947053965,0.20011181170116787,0.3904761904761905,0.3333333333333333,0.4523809523809524,-0.113970548021699,-0.001452747386900264,0.3695652173913043,0.4067796610169492,-0.02065010459922005,-0.011050325798158242,-0.01254724988530293,-0.06190476190476191,True,0.15,25,0.9012875536480687,False
509,254,255,11.730844793713164,"{'0_10': 254, '11_25': 221, '26_50': 34}",66.21701146211909,"{'0_20': 4339, '101+': 3992, '21_50': 2906, '51_100': 3071}",0.5761412217231761,0.44032952998403524,0.14287023086340114,"{'count': 509, 'unique_score_count': 509, 'tie_frequency': 0.0, 'q75_threshold': 0.47647311869310993, 'q90_threshold': 0.5088246322986126, 'q10_threshold': 0.3796244576002006, 'top_quartile_count': 128, 'top_decile_count': 51, 'bottom_decile_count': 51, 'expected_top_quartile_count': 128, 'expected_top_decile_count': 51, 'q75_boundary_tie_count': 1, 'q90_boundary_tie_count': 0, 'top_quartile_tie_expansion': 0, 'top_decile_tie_expansion': 0, 'top_decile_same_threshold_as_top_quartile': False}","{'subperiod': {'first_half': {'count': 255, 'top_quartile_avg_r': -0.05439760013526057, 'top_decile_avg_r': -0.191303227203218, 'bottom_decile_avg_r': 0.35111946662873234, 'top_quartile_win_rate': 0.421875, 'top_decile_win_rate': 0.38461538461538464, 'bottom_decile_win_rate': 0.46153846153846156, 'eqh_top_quartile_avg_r': -0.11449331635740402, 'eql_top_quartile_avg_r': 0.0020559514673589734, 'eqh_top_quartile_win_rate': 0.41935483870967744, 'eql_top_quartile_win_rate': 0.42424242424242425, 'rank_corr': 0.0038748927253607827, 'eqh_rank_corr': 0.016841811406574318, 'eql_rank_corr': 0.003234424633506659, 'win_rate_gap': -0.039663461538461564}, 'second_half': {'count': 254, 'top_quartile_avg_r': -0.05331693294758014, 'top_decile_avg_r': -0.021736694258555598, 'bottom_decile_avg_r': 0.607827172033688, 'top_quartile_win_rate': 0.421875, 'top_decile_win_rate': 0.38461538461538464, 'bottom_decile_win_rate': 0.6153846153846154, 'eqh_top_quartile_avg_r': -0.09299299960962727, 'eql_top_quartile_avg_r': -0.02436412754554574, 'eqh_top_quartile_win_rate': 0.4074074074074074, 'eql_top_quartile_win_rate': 0.43243243243243246, 'rank_corr': -0.09550436211161156, 'eqh_rank_corr': -0.13476056724774726, 'eql_rank_corr': -0.04604824881430716, 'win_rate_gap': -0.19350961538461542}}, 'side': {'eqh': {'count': 254, 'top_quartile_avg_r': -0.0844327422083486, 'top_decile_avg_r': -0.22208825931170242, 'bottom_decile_avg_r': 0.3660360254663924, 'top_quartile_win_rate': 0.40625, 'top_decile_win_rate': 0.3076923076923077, 'bottom_decile_win_rate': 0.5, 'eqh_top_quartile_avg_r': -0.0844327422083486, 'eql_top_quartile_avg_r': nan, 'eqh_top_quartile_win_rate': 0.40625, 'eql_top_quartile_win_rate': nan, 'rank_corr': -0.05273650237386108, 'eqh_rank_corr': -0.05273650237386108, 'eql_rank_corr': nan, 'win_rate_gap': -0.09375}, 'eql': {'count': 255, 'top_quartile_avg_r': -0.06983235767047119, 'top_decile_avg_r': -0.04238497235300061, 'bottom_decile_avg_r': 0.5879661278830747, 'top_quartile_win_rate': 0.421875, 'top_decile_win_rate': 0.4230769230769231, 'bottom_decile_win_rate': 0.5384615384615384, 'eqh_top_quartile_avg_r': nan, 'eql_top_quartile_avg_r': -0.06983235767047119, 'eqh_top_quartile_win_rate': nan, 'eql_top_quartile_win_rate': 0.421875, 'rank_corr': -0.01798981297462503, 'eqh_rank_corr': nan, 'eql_rank_corr': -0.01798981297462503, 'win_rate_gap': -0.11658653846153844}}}",509,-0.060058270424195315,-0.13219033628498789,0.4450923603403426,0.421875,0.37254901960784315,0.5098039215686274,-0.11966277621253324,-0.009092098808080307,0.4067796610169492,0.43478260869565216,-0.04132407046641504,-0.05273650237386108,-0.01798981297462503,-0.08792892156862742,True,0.18,30,1.092274678111588,False
349,173,176,10.753581661891117,"{'0_10': 183, '11_25': 166}",69.90943807965084,"{'0_20': 3132, '101+': 3355, '21_50': 2184, '51_100': 2327}",0.5937092151955684,0.44715011944952215,0.09939148268984108,"{'count': 349, 'unique_score_count': 349, 'tie_frequency': 0.0, 'q75_threshold': 0.48144567877868405, 'q90_threshold': 0.5107278157236267, 'q10_threshold': 0.3882900873644496, 'top_quartile_count': 88, 'top_decile_count': 35, 'bottom_decile_count': 35, 'expected_top_quartile_count': 88, 'expected_top_decile_count': 35, 'q75_boundary_tie_count': 1, 'q90_boundary_tie_count': 0, 'top_quartile_tie_expansion': 0, 'top_decile_tie_expansion': 0, 'top_decile_same_threshold_as_top_quartile': False}","{'subperiod': {'first_half': {'count': 175, 'top_quartile_avg_r': 0.06131777607475439, 'top_decile_avg_r': -0.1321563943335709, 'bottom_decile_avg_r': 0.37455474423974383, 'top_quartile_win_rate': 0.45454545454545453, 'top_decile_win_rate': 0.3888888888888889, 'bottom_decile_win_rate': 0.5, 'eqh_top_quartile_avg_r': -0.10769435411305954, 'eql_top_quartile_avg_r': 0.18976699501749295, 'eqh_top_quartile_win_rate': 0.47368421052631576, 'eql_top_quartile_win_rate': 0.44, 'rank_corr': 0.07568469574785301, 'eqh_rank_corr': 0.015870817721292927, 'eql_rank_corr': 0.1621776242719659, 'win_rate_gap': -0.04545454545454547}, 'second_half': {'count': 174, 'top_quartile_avg_r': -0.19887653119746032, 'top_decile_avg_r': -0.29822378195972543, 'bottom_decile_avg_r': 0.5990285819327374, 'top_quartile_win_rate': 0.3409090909090909, 'top_decile_win_rate': 0.3333333333333333, 'bottom_decile_win_rate': 0.5555555555555556, 'eqh_top_quartile_avg_r': -0.12018890200833152, 'eql_top_quartile_avg_r': -0.270721757848404, 'eqh_top_quartile_win_rate': 0.3333333333333333, 'eql_top_quartile_win_rate': 0.34782608695652173, 'rank_corr': -0.12745959964645895, 'eqh_rank_corr': -0.142927962987099, 'eql_rank_corr': -0.12574324808668946, 'win_rate_gap': -0.2146464646464647}}, 'side': {'eqh': {'count': 173, 'top_quartile_avg_r': -0.16398837732527516, 'top_decile_avg_r': -0.2791093535085038, 'bottom_decile_avg_r': 0.14535804321437232, 'top_quartile_win_rate': 0.38636363636363635, 'top_decile_win_rate': 0.2777777777777778, 'bottom_decile_win_rate': 0.4444444444444444, 'eqh_top_quartile_avg_r': -0.16398837732527516, 'eql_top_quartile_avg_r': nan, 'eqh_top_quartile_win_rate': 0.38636363636363635, 'eql_top_quartile_win_rate': nan, 'rank_corr': -0.0566388604215042, 'eqh_rank_corr': -0.0566388604215042, 'eql_rank_corr': nan, 'win_rate_gap': -0.058080808080808066}, 'eql': {'count': 176, 'top_quartile_avg_r': -0.06332181705828638, 'top_decile_avg_r': 0.19874928094837635, 'bottom_decile_avg_r': 0.5980949690140317, 'top_quartile_win_rate': 0.38636363636363635, 'top_decile_win_rate': 0.5, 'bottom_decile_win_rate': 0.5, 'eqh_top_quartile_avg_r': nan, 'eql_top_quartile_avg_r': -0.06332181705828638, 'eqh_top_quartile_win_rate': nan, 'eql_top_quartile_win_rate': 0.38636363636363635, 'rank_corr': 0.019413097627489148, 'eqh_rank_corr': nan, 'eql_rank_corr': 0.019413097627489148, 'win_rate_gap': -0.11363636363636365}}}",349,-0.08360245061088173,-0.2296063567643005,0.3105005312234947,0.3977272727272727,0.34285714285714286,0.45714285714285713,-0.1142539917580773,-0.05805949965488538,0.4,0.3958333333333333,-0.02375342934382443,-0.0566388604215042,0.019413097627489148,-0.05941558441558442,True,0.12,25,0.7489270386266095,False
