eqhl_event_id,eqhl_r_detect_idx,eqhl_r_detect_ts,eqhl_r_side,eqhl_r_direction,eqhl_r_cluster_id,eqhl_r_origin_idx,eqhl_r_first_member_detect_idx,eqhl_r_last_member_detect_idx,eqhl_r_level,eqhl_r_low,eqhl_r_high,eqhl_r_width,eqhl_r_width_atr,eqhl_r_touch_count,eqhl_r_structural_score,eqhl_r_tradeable_live_score_on_detect,eqhl_r_score,eqhl_r_span,eqhl_r_formation_delay,eqhl_r_age_on_detect,eqhl_r_state_on_detect,eqhl_r_trend_state_on_event,eqhl_r_trend_bias_state_on_event,eqhl_r_bos_direction_on_event,eqhl_r_choch_direction_on_event,eqhl_r_session_on_event,eqhl_r_regime_on_event,eqhl_r_volume_ratio_on_event,eqhl_r_adx_on_event,eqhl_r_rsi_on_event,eqhl_r_hold_1,eqhl_r_hold_2,eqhl_r_hold_3,eqhl_r_hold_5,eqhl_r_hold_10,eqhl_r_failed_1,eqhl_r_failed_2,eqhl_r_failed_3,eqhl_r_failed_5,eqhl_r_failed_10,eqhl_r_swept_1,eqhl_r_swept_2,eqhl_r_swept_3,eqhl_r_swept_5,eqhl_r_swept_10,eqhl_r_mfe_1_atr,eqhl_r_mfe_2_atr,eqhl_r_mfe_3_atr,eqhl_r_mfe_5_atr,eqhl_r_mfe_10_atr,eqhl_r_mfe_20_atr,eqhl_r_mae_1_atr,eqhl_r_mae_2_atr,eqhl_r_mae_3_atr,eqhl_r_mae_5_atr,eqhl_r_mae_10_atr,eqhl_r_mae_20_atr,eqhl_r_excursion_ratio_1,eqhl_r_excursion_ratio_2,eqhl_r_excursion_ratio_3,eqhl_r_excursion_ratio_5,eqhl_r_excursion_ratio_10,eqhl_r_excursion_ratio_20,eqhl_r_continuation_1_0.5atr,eqhl_r_continuation_1_1.0atr,eqhl_r_continuation_3_0.5atr,eqhl_r_continuation_3_1.0atr,eqhl_r_continuation_3_1.5atr,eqhl_r_continuation_5_0.5atr,eqhl_r_continuation_5_1.0atr,eqhl_r_continuation_5_1.5atr,eqhl_r_continuation_10_1.0atr,eqhl_r_continuation_10_1.5atr,eqhl_r_continuation_10_2.0atr,eqhl_r_retest_ever_3,eqhl_r_retest_ever_5,eqhl_r_retest_ever_10,eqhl_r_first_retest_idx,eqhl_r_first_retest_delay,eqhl_r_retest_count_3,eqhl_r_retest_count_5,eqhl_r_retest_count_10,eqhl_r_mfe_from_retest_3_atr,eqhl_r_mfe_from_retest_5_atr,eqhl_r_mfe_from_retest_10_atr,eqhl_r_mae_from_retest_3_atr,eqhl_r_mae_from_retest_5_atr,eqhl_r_mae_from_retest_10_atr,eqhl_r_hold_after_retest_3,eqhl_r_hold_after_retest_5,eqhl_r_hold_after_retest_10,eqhl_r_final_outcome_3,eqhl_r_final_outcome_5,eqhl_r_final_outcome_10,eqhl_r_final_outcome_20,eqhl_r_retest_reaction_score,eqhl_r_quality_score,eqhl_r_follow_through_score,eqhl_r_tradeable_score,eqhl_r_failure_severity_score
281,10440,2021-03-31 09:00:00+00:00,eql,1,1837,10434.0,10436.0,10440.0,1678.1975,1677.788,1678.607,0.81899999999996,0.09377998557091935,2.0,0.6687401508893824,0.37191862487753663,0.37191862487753663,4,4,4,2.0,-1.0,-1.0,0.0,0.0,unknown,2.0,1.4168880690414445,,,1,1,1,1.0,1.0,0,0,0,0.0,0.0,0,0,0,0.0,0.0,2.058808474438601,2.058808474438601,2.058808474438601,2.6027094896545817,4.125517826782439,4.6081584118635845,0.407410486765991,0.407410486765991,0.407410486765991,0.407410486765991,0.407410486765991,0.407410486765991,5.053400786958981,5.053400786958981,5.053400786958981,6.388420460933126,10.12619449128726,11.310848791455937,1,1,1,1,1,1.0,1.0,1.0,1.0,1.0,1.0,0,0.0,0.0,10864.0,424.0,0,0.0,0.0,2.857484175729452,2.857484175729452,2.857484175729452,0.007442855997672589,0.007442855997672589,1.1393294950313504,1.0,1.0,1.0,clean_reaction,clean_reaction,clean_reaction,clean_reaction,0.9973950004008145,0.7539697004518133,0.9320982522056682,0.8649997535554628,0.06790174779433183
326,12069,2022-05-18 17:00:00+00:00,eql,1,2118,12065.0,12067.0,12069.0,1807.33,1807.115,1807.545,0.43000000000006366,0.040267124877739605,2.0,0.5992028215979811,0.19978006797660922,0.19978006797660922,2,2,2,2.0,-1.0,-1.0,0.0,0.0,unknown,1.0,0.7958170168313679,,,1,1,1,1.0,1.0,0,0,0,0.0,0.0,0,0,0,0.0,0.0,0.08802580787226005,0.12548359845620685,0.6302273265747631,3.0677930488245435,3.0921406127041027,4.5885793465324385,0.19758984533026502,0.23879341497260223,0.517853954822944,0.517853954822944,0.517853954822944,0.517853954822944,0.44549763033180056,0.5254901960784979,1.2169981916817452,5.9240506329114195,5.9710669077757945,8.86075949367093,0,0,1,0,0,1.0,1.0,1.0,1.0,1.0,1.0,0,0.0,0.0,12183.0,114.0,0,0.0,0.0,1.4730276147133743,2.6407742361676525,3.1389628509340257,0.07210624687407947,0.07210624687407947,0.07210624687407947,1.0,1.0,1.0,weak_reaction,clean_reaction,clean_reaction,clean_reaction,0.9747628135940722,0.7566071164334947,0.9136910075295094,0.8552176177492153,0.08630899247049068
432,16546,2025-04-09 05:00:00+00:00,eql,1,2882,16532.0,16534.0,16546.0,2970.1025,2969.96,2970.245,0.2849999999998545,0.008355708522711763,2.0,0.6695486584795415,0.2791704686804103,0.2791704686804103,12,12,12,2.0,0.0,-1.0,0.0,0.0,unknown,1.0,1.252426396488404,,,1,1,1,1.0,1.0,0,0,0,0.0,0.0,0,0,0,0.0,0.0,0.8515493124290795,1.49083431010566,1.6322949894814611,2.5822071162744438,5.101966305694888,5.915108677194994,0.23498597827918563,0.23498597827918563,0.23498597827918563,0.23498597827918563,0.23498597827918563,0.23498597827918563,3.6238303181535287,6.344354335620857,6.946350592638935,10.988771054273446,21.71179039301344,25.172177167810773,1,0,1,1,1,1.0,1.0,1.0,1.0,1.0,1.0,0,0.0,0.0,,,0,0.0,0.0,,,,,,,,,,clean_reaction,clean_reaction,clean_reaction,clean_reaction,,0.7628208045652304,0.9608356702868024,0.849452308318418,0.0391643297131976
404,15386,2024-07-09 21:00:00+00:00,eql,1,2704,15371.0,15373.0,15386.0,2349.34,2349.2,2349.48,0.2800000000002001,0.027025098098732853,2.0,0.6270626144024696,0.2334676697764542,0.2334676697764542,13,13,13,2.0,-1.0,-1.0,0.0,0.0,unknown,1.0,0.23407891037915662,,,1,1,1,1.0,1.0,0,0,0,0.0,0.0,0,0,0,0.0,0.0,0.5433975081991436,0.995585310315113,1.655287258546213,2.1267787021612903,5.777097309637498,5.777097309637498,0.13126476219371988,0.13126476219371988,0.13126476219371988,0.13126476219371988,0.13126476219371988,0.13126476219371988,4.1397058823540185,7.584558823531277,12.610294117650161,16.20220588235707,44.01102941177532,44.01102941177532,1,0,1,1,1,1.0,1.0,1.0,1.0,1.0,1.0,0,0.0,0.0,,,0,0.0,0.0,,,,,,,,,,clean_reaction,clean_reaction,clean_reaction,clean_reaction,,0.7480729150224774,0.97812253963438,0.8487196257901847,0.02187746036561998
250,9534,2020-08-27 21:00:00+00:00,eql,1,1679,9507.0,9509.0,9534.0,1910.376,1909.626,1911.126,1.5,0.08790801584778789,2.0,0.6417542555617072,0.48147217740035697,0.48147217740035697,25,25,25,2.0,1.0,1.0,0.0,0.0,unknown,1.0,0.6481001716337514,,,1,1,1,1.0,1.0,0,0,0,0.0,0.0,0,0,0,0.0,0.0,0.5773212427443789,1.4282122308070675,1.69803123411588,2.239603217082151,2.394907378413235,3.326439319680293,0.19333902952123352,0.19333902952123352,0.19333902952123352,0.19333902952123352,0.19333902952123352,0.19333902952123352,2.986056380721485,7.387086996059498,8.782661412549364,11.583813276750652,12.387086996059496,17.205213701121664,1,0,1,1,1,1.0,1.0,1.0,1.0,1.0,1.0,0,0.0,0.0,9578.0,44.0,0,0.0,0.0,1.6278220321254282,1.6278220321254282,2.210124729101184,0.18003561645627641,0.18003561645627641,0.18003561645627641,1.0,1.0,1.0,clean_reaction,clean_reaction,clean_reaction,clean_reaction,0.9369875342403032,0.7167905138170612,0.9677768284131278,0.848675128010333,0.032223171586872254
137,5225,2017-11-10 02:00:00+00:00,eqh,-1,941,5221.0,5223.0,5225.0,1288.2365,1288.063,1288.41,0.34699999999998,0.08548442128024045,2.0,0.5553991150831804,0.24718877969661002,0.24718877969661002,2,2,2,2.0,1.0,1.0,0.0,0.0,unknown,1.0,0.5907456501109205,,,1,1,1,1.0,1.0,0,0,0,0.0,0.0,0,0,0,0.0,0.0,0.5451787443607494,0.5451787443607494,2.6549441156691875,2.8229567246407403,2.8229567246407403,3.650948482343605,0.3338080427513949,0.3338080427513949,0.3338080427513949,0.3338080427513949,0.3338080427513949,1.141598870929851,1.6332103321032736,1.6332103321032736,7.9535055350552755,8.456826568265614,8.456826568265614,3.1981009926629023,1,0,1,1,1,1.0,1.0,1.0,1.0,1.0,1.0,0,0.0,0.0,5245.0,20.0,0,0.0,0.0,2.725401016205602,3.0922203340335215,3.0922203340335215,0.206197292828716,0.206197292828716,0.206197292828716,1.0,1.0,1.0,clean_reaction,clean_reaction,clean_reaction,swept,0.9278309475099493,0.7365420510299092,0.9443653262081009,0.8475379766382843,0.05563467379189915
344,12877,2022-11-23 10:00:00+00:00,eql,1,2263,12866.0,12868.0,12877.0,1732.675,1732.445,1732.905,0.4600000000000364,0.05429782652541003,2.0,0.6186283021843809,0.2650985774430409,0.2650985774430409,9,9,9,2.0,0.0,-1.0,0.0,0.0,unknown,1.0,1.4366296544405779,,,1,1,1,1.0,1.0,0,0,0,0.0,0.0,0,0,0,0.0,0.0,1.2836714423125812,1.9618040801135863,2.275787163934394,2.5272097084976983,2.870112286880964,3.178783626802565,0.1381053413798181,0.1381053413798181,0.1381053413798181,0.1381053413798181,0.1381053413798181,0.1381053413798181,9.294871794873023,14.205128205130181,16.478632478634633,18.299145299147785,20.782051282054073,23.01709401709711,1,1,1,1,1,1.0,1.0,1.0,1.0,1.0,1.0,0,0.0,0.0,,,0,0.0,0.0,,,,,,,,,,clean_reaction,clean_reaction,clean_reaction,clean_reaction,,0.7459012038055237,0.9769824431033637,0.8469992459983285,0.023017556896636347
248,9482,2020-08-17 05:00:00+00:00,eql,1,1674,9478.0,9480.0,9482.0,1929.02,1928.017,1930.023,2.005999999999858,0.09989749346807861,2.0,0.544332629717532,0.27525771576817637,0.27525771576817637,2,2,2,2.0,0.0,1.0,0.0,0.0,unknown,1.0,0.6594395421304412,,,1,1,1,1.0,1.0,0,0,0,0.0,0.0,0,0,0,0.0,0.0,1.1009640007938462,1.9634887200696376,1.9634887200696376,2.399482017832887,3.205534275696521,3.205534275696521,0.057518247734614274,0.057518247734614274,0.057518247734614274,0.057518247734614274,0.057518247734614274,1.4880045387968037,19.141125541126144,34.13679653679744,34.13679653679744,41.7168831168841,55.73073593073737,2.1542503346720348,1,1,1,1,1,1.0,1.0,1.0,1.0,1.0,1.0,0,0.0,0.0,9497.0,15.0,0,0.0,0.0,1.2967750398349802,1.2967750398349802,1.3232682933369813,0.22574044760260348,0.2690658809611397,0.8955914868046088,1.0,1.0,1.0,clean_reaction,clean_reaction,clean_reaction,swept,0.8448594536140952,0.73072548590982,0.9904136253775644,0.8444431282643856,0.009586374622435712
358,13374,2023-03-22 13:00:00+00:00,eql,1,2349,13369.0,13371.0,13374.0,1934.8474999999999,1934.29,1935.405,1.115000000000009,0.08266181333894729,2.0,0.5623949758999652,0.25836274430505374,0.25836274430505374,3,3,3,2.0,0.0,1.0,0.0,0.0,unknown,2.0,1.7308898493539668,,,1,1,1,1.0,1.0,0,0,0,0.0,0.0,0,0,0,0.0,0.0,2.2092574327359857,2.2092574327359857,2.2092574327359857,2.5636282558392707,4.020403710646705,4.020403710646705,0.3113718529359289,0.3113718529359289,0.3113718529359289,0.3113718529359289,0.3113718529359289,0.3769823505188758,7.095238095238447,7.095238095238447,7.095238095238447,8.233333333333727,12.911904761905326,10.664700098328344,1,1,1,1,1,1.0,1.0,1.0,1.0,1.0,1.0,0,0.0,0.0,13660.0,286.0,0,0.0,0.0,1.3715188760273653,1.3715188760273653,2.206662667294847,0.1942367273076512,0.1942367273076512,0.1942367273076512,1.0,1.0,1.0,clean_reaction,clean_reaction,clean_reaction,clean_reaction,0.8934728082505317,0.7370635418452562,0.9481046911773452,0.8422097973925424,0.05189530882265481
236,9045,2020-05-06 01:00:00+00:00,eqh,-1,1597,9035.0,9037.0,9045.0,1711.1425,1710.938,1711.347,0.4089999999998781,0.03657051385258448,2.0,0.5996294048538733,0.4343267516581442,0.4343267516581442,8,8,8,2.0,0.0,1.0,0.0,0.0,unknown,1.0,0.36393936944700744,,,1,1,1,1.0,0.0,0,0,0,0.0,1.0,0,0,0,0.0,1.0,0.533983150923469,1.7578882697849096,2.0755778436682237,2.111701285224332,2.111701285224332,2.111701285224332,0.38063735322858794,0.38063735322858794,0.38063735322858794,0.38063735322858794,1.642722446209967,1.7473373635878136,1.4028658679821968,4.618275781066677,5.452901104064152,5.5478036175713195,1.2854887872850203,1.2085252277146807,1,0,1,1,1,1.0,1.0,1.0,1.0,1.0,1.0,0,0.0,0.0,9060.0,15.0,0,0.0,0.0,0.8210929797270979,1.379575692498017,1.5679719582374239,0.25259584751487435,0.25259584751487435,0.25259584751487435,1.0,1.0,1.0,clean_reaction,clean_reaction,failed,failed,0.875464161119199,0.748116585840962,0.9365604411285687,0.8395414502472718,0.06343955887143132
198,7589,2019-05-27 09:00:00+00:00,eqh,-1,1354,7578.0,7580.0,7589.0,1287.268,1287.21,1287.326,0.11599999999998545,0.04060261335060307,2.0,0.6662542373315223,0.1344548316768277,0.1344548316768277,9,9,9,2.0,1.0,1.0,0.0,0.0,unknown,2.0,0.5217286297076072,,,1,1,1,1.0,1.0,0,0,0,0.0,0.0,0,0,0,0.0,0.0,0.23626520699705744,1.016465423880741,1.1249724078349332,3.052196451873313,3.3031626050835716,3.692387657203143,0.07280468600801633,0.3475723711823396,0.3475723711823396,0.3475723711823396,0.3475723711823396,2.5457138525773235,3.245192307690784,2.924471299093834,3.2366565961733555,8.781470292044885,9.50352467270968,1.4504331087584363,0,0,1,1,0,1.0,1.0,1.0,1.0,1.0,1.0,0,0.0,0.0,,,0,0.0,0.0,,,,,,,,,,clean_reaction,clean_reaction,clean_reaction,failed,,0.7588501941286537,0.9420712714696101,0.8390094154653222,0.05792872853038993
403,15355,2024-07-02 17:00:00+00:00,eql,1,2701,15346.0,15348.0,15355.0,2318.8199999999997,2318.595,2319.045,0.45000000000027285,0.044818998088705125,2.0,0.5730848767203588,0.3428726525595072,0.3428726525595072,7,7,7,2.0,1.0,1.0,0.0,0.0,unknown,0.0,0.42621441362259826,,,1,1,1,1.0,1.0,0,0,0,0.0,0.0,0,0,0,0.0,0.0,0.2714039328703185,0.5826469751528043,1.805707634106035,3.53970487127025,3.53970487127025,6.326450574650717,0.0,0.2579582334437387,0.2579582334437387,0.2579582334437387,0.2579582334437387,0.2579582334437387,271403932870.3185,2.2586872586870967,6.999999999999473,13.722007722006936,13.722007722006936,24.52509652509514,0,0,1,1,1,1.0,1.0,1.0,1.0,1.0,1.0,0,0.0,0.0,,,0,0.0,0.0,,,,,,,,,,clean_reaction,clean_reaction,clean_reaction,clean_reaction,,0.7423288924885623,0.9570069610927103,0.836250547502877,0.04299303890728978
258,9789,2020-10-27 13:00:00+00:00,eqh,-1,1725,9743.0,9745.0,9789.0,1910.2939999999999,1910.281,1910.307,0.026000000000067303,0.003188650947393761,2.0,0.5230141325412125,0.38162147530635737,0.38162147530635737,44,44,44,2.0,1.0,1.0,0.0,0.0,unknown,0.0,1.0395225822084049,,,1,1,1,1.0,1.0,0,0,0,0.0,0.0,0,0,0,1.0,1.0,0.2906577978962809,0.775087461056777,0.775087461056777,4.377281908233982,4.850060731394413,5.990248725926841,0.14459305642183812,0.14459305642183812,0.14459305642183812,0.2457714037908069,0.2457714037908069,0.2457714037908069,2.0101781170481043,5.360474978795138,5.360474978795138,17.81037924151579,19.73403193612645,24.37325349301238,0,0,1,0,0,1.0,1.0,1.0,1.0,1.0,1.0,0,1.0,1.0,9793.0,4.0,0,1.0,1.0,3.77303255370444,3.77303255370444,4.913220548236868,0.11172542357955316,0.11172542357955316,0.11172542357955316,1.0,1.0,1.0,weak_reaction,swept,swept,swept,0.9608961017471565,0.6841389971047274,0.9590380993681988,0.8357051038254282,0.19096190063180113
140,5471,2018-01-10 06:00:00+00:00,eql,1,979,5467.0,5469.0,5471.0,1308.4325,1308.162,1308.703,0.54099999999994,0.11595392637022217,2.0,0.5510707485247859,0.35382435186962036,0.35382435186962036,2,2,2,2.0,0.0,0.0,0.0,0.0,unknown,2.0,1.2687033462789952,,,1,1,1,1.0,1.0,0,0,0,0.0,0.0,0,0,0,0.0,0.0,2.8103288032653073,2.8103288032653073,2.8103288032653073,2.8103288032653073,2.8103288032653073,6.4580550008531645,0.09537799858548468,0.09537799858548468,0.09537799858548468,0.09537799858548468,0.09537799858548468,0.09537799858548468,29.46516853933024,29.46516853933024,29.46516853933024,29.46516853933024,29.46516853933024,67.71011235956044,1,1,1,1,1,1.0,1.0,1.0,1.0,1.0,1.0,0,0.0,0.0,5597.0,126.0,0,0.0,0.0,1.6642924921716944,1.6642924921716944,2.4028825666112876,0.5557643827689983,0.5557643827689983,0.8211081181596289,1.0,1.0,1.0,clean_reaction,clean_reaction,clean_reaction,clean_reaction,0.8054824660308506,0.7280590014457349,0.9841036669024192,0.8331593272725976,0.01589633309758078
117,4539,2017-06-02 09:00:00+00:00,eql,1,814,4521.0,4523.0,4539.0,1258.8645000000001,1258.839,1258.89,0.05100000000015825,0.010255162818781097,2.0,0.6477440221646709,0.23757902328569108,0.23757902328569108,16,16,16,2.0,0.0,1.0,0.0,0.0,unknown,0.0,1.8686770272644508,,,1,1,1,1.0,1.0,0,0,0,0.0,0.0,0,0,0,0.0,0.0,0.8306681883187085,0.9221603271918491,1.4321033253947661,1.4321033253947661,2.482352647009021,4.2546860800375885,0.15624042176796674,0.15624042176796674,0.15624042176796674,0.15624042176796674,0.15624042176796674,0.15624042176796674,5.316602316603683,5.902187902189313,9.166023166025425,9.166023166025425,15.888030888034677,27.231660231666805,1,0,1,1,0,1.0,1.0,0.0,1.0,1.0,1.0,0,0.0,0.0,4581.0,42.0,0,0.0,0.0,1.437532529239995,1.6683742334737843,3.799839446782439,0.019907080765793884,0.019907080765793884,0.9483009382984412,1.0,1.0,1.0,clean_reaction,clean_reaction,clean_reaction,clean_reaction,0.9930325217319722,0.7516516803949056,0.8461831779191613,0.8330138727958084,0.026040070294661124
274,10269,2021-02-18 22:00:00+00:00,eql,1,1806,10261.0,10263.0,10269.0,1768.7930000000001,1768.227,1769.359,1.1319999999998345,0.10320121441860684,2.0,0.5640389883125044,0.2545643700132468,0.2545643700132468,6,6,6,2.0,-1.0,-1.0,-1.0,0.0,unknown,2.0,0.9549718700958597,,,1,1,1,1.0,1.0,0,0,0,0.0,0.0,1,1,1,1.0,1.0,0.5941363201114528,0.9464973569736213,1.5530324095593933,2.2326835168834385,4.1472848455101845,4.455338647206772,0.2800654864787943,0.2800654864787943,0.2800654864787943,0.2800654864787943,0.2800654864787943,0.2800654864787943,2.1214192708334267,3.379557291666808,5.5452473958335595,7.972005208333624,14.808268229167195,15.908203125000611,1,0,1,1,1,1.0,1.0,1.0,1.0,1.0,1.0,1,1.0,1.0,10270.0,1.0,3,3.0,3.0,1.7419307454917017,1.7419307454917017,3.656532074118448,0.4200982297182018,0.4200982297182018,0.4200982297182018,1.0,1.0,1.0,swept,swept,swept,swept,0.8529656195986294,0.7275074940578491,0.953322418920201,0.8316343428678283,0.19667758107979905
143,5709,2018-03-07 06:00:00+00:00,eqh,-1,1014,5667.0,5669.0,5709.0,1340.62,1340.325,1340.915,0.5899999999999181,0.11227430880588078,2.0,0.5009226093845593,0.49942319651800254,0.49942319651800254,40,40,40,2.0,1.0,1.0,0.0,0.0,unknown,1.0,0.9256117142504711,,,1,1,1,1.0,1.0,0,0,0,0.0,0.0,0,0,0,0.0,0.0,0.7594690956683572,2.019795785874216,2.138159548717013,2.138159548717013,3.1442515328810434,3.9339776032954163,0.07840172072547996,0.07840172072547996,0.07840172072547996,0.07840172072547996,0.07840172072547996,0.07840172072547996,9.686893203882647,25.762135922328014,27.27184466019159,27.27184466019159,40.10436893203526,50.17718446601521,1,0,1,1,1,1.0,1.0,1.0,1.0,1.0,1.0,0,0.0,0.0,5799.0,90.0,0,0.0,0.0,3.1275055342794924,3.1275055342794924,3.604385903546587,0.181732143914615,0.181732143914615,0.181732143914615,1.0,1.0,1.0,clean_reaction,clean_reaction,clean_reaction,clean_reaction,0.9363937496298848,0.6587826113421084,0.9869330465457534,0.8291574913209394,0.01306695345424666
35,1256,2015-04-17 17:00:00+00:00,eqh,-1,221,1245.0,1247.0,1256.0,1207.6305,1207.605,1207.656,0.05099999999993088,0.008835405148712661,2.0,0.6255963387319425,0.19047659635661443,0.19047659635661443,9,9,9,2.0,0.0,1.0,0.0,0.0,unknown,0.0,0.3779692577387895,,,1,1,1,1.0,1.0,0,0,0,0.0,0.0,0,0,1,1.0,1.0,0.0,0.05717026860942149,0.05717026860942149,2.0479083188838265,2.0479083188838265,3.2599180134029715,0.6080837661181057,0.6080837661181057,1.0124334841008866,1.0124334841008866,1.0124334841008866,1.0124334841008866,0.0,0.09401709401713831,0.056468172484627745,2.0227583846681205,2.0227583846681205,3.2198836413416454,0,0,0,0,0,1.0,1.0,1.0,1.0,1.0,1.0,1,1.0,1.0,1259.0,3.0,1,1.0,1.0,2.2436731780614303,2.2436731780614303,2.2436731780614303,0.08679486234334968,0.08679486234334968,0.08679486234334968,1.0,1.0,1.0,swept,swept,swept,swept,0.9696217981798276,0.7586604164592103,0.8312610859831856,0.8262629271367252,0.3187389140168144
186,7144,2019-02-11 02:00:00+00:00,eqh,-1,1278,7097.0,7099.0,7144.0,1315.526,1315.242,1315.925,0.6829999999999927,0.1969918549824419,3.0,0.4941741477064582,0.4729876669909655,0.4729876669909655,45,45,45,2.0,-1.0,-1.0,0.0,0.0,unknown,0.0,0.49922213329462195,,,1,1,1,1.0,1.0,0,0,0,0.0,0.0,0,0,0,0.0,0.0,1.1805090226107076,1.7824446029157712,2.0826913394263964,2.0826913394263964,2.0826913394263964,2.6491510805472,0.4066742540633414,0.4066742540633414,0.4066742540633414,0.4066742540633414,1.0948478499463647,2.0786534390314717,2.902836879432347,4.382978723403885,5.121276595744385,5.121276595744385,1.9022655426764776,1.274455390592453,1,1,1,1,1,1.0,1.0,1.0,1.0,1.0,1.0,0,0.0,0.0,7159.0,15.0,0,0.0,0.0,1.9347311320969998,2.8795998245164722,2.8795998245164722,0.19381921895777832,0.24140875932694505,1.251172279522453,1.0,1.0,1.0,clean_reaction,clean_reaction,clean_reaction,swept,0.9155069342355693,0.7033368657956811,0.9322209576561098,0.8258803116348088,0.06777904234389023
76,3089,2016-06-23 17:00:00+00:00,eql,1,555,3084.0,3086.0,3089.0,1257.3165,1256.873,1257.76,0.8869999999999436,0.11281849946663651,2.0,0.5430178113641143,0.32240861730656784,0.32240861730656784,3,3,3,2.0,-1.0,-1.0,-1.0,0.0,unknown,2.0,0.7883150621678103,,,1,1,1,1.0,1.0,0,0,0,0.0,0.0,1,1,1,1.0,1.0,3.8975166619575714,13.13604170001807,13.13604170001807,13.13604170001807,13.13604170001807,13.13604170001807,0.7693789213908965,0.7693789213908965,0.7693789213908965,0.7693789213908965,0.7693789213908965,0.7693789213908965,5.065795999338757,17.073565878657696,17.073565878657696,17.073565878657696,17.073565878657696,17.073565878657696,1,1,1,1,1,1.0,1.0,1.0,1.0,1.0,1.0,1,1.0,1.0,3090.0,1.0,1,1.0,1.0,11.07859858009426,11.07859858009426,11.07859858009426,0.08585398775645925,0.08585398775645925,0.08585398775645925,1.0,1.0,1.0,swept,swept,swept,swept,0.9699511042852393,0.7256489374061638,0.8717701797681839,0.8256518056086859,0.2782298202318161
