segment,component,variant,count,top_quartile_avg_r,top_decile_avg_r,bottom_decile_avg_r,top_quartile_win_rate,top_decile_win_rate,bottom_decile_win_rate,eqh_top_quartile_avg_r,eql_top_quartile_avg_r,eqh_top_quartile_win_rate,eql_top_quartile_win_rate,rank_corr,eqh_rank_corr,eql_rank_corr,win_rate_gap,variance_zero,stability_classification
overall,width_component,current,466,0.003976266670859099,-0.18121177006696554,0.2373565134107084,0.4444444444444444,0.425531914893617,0.46808510638297873,0.0375036074225242,-0.02476145397342533,0.48148148148148145,0.4126984126984127,-0.026205422675908287,-0.02855837340983464,-0.028978988366689957,-0.023640661938534313,False,stable_negative
overall,width_component,inverted,466,0.24998258821269054,0.2373565134107084,-0.18121177006696554,0.4700854700854701,0.46808510638297873,0.425531914893617,0.05741234207666704,0.4392889318718324,0.46551724137931033,0.4745762711864407,0.026205422675908287,0.02855837340983464,0.028978988366689957,0.044553555191853056,False,stable_positive
overall,width_component,neutralized,466,0.11063018906141328,0.11063018906141328,0.11063018906141328,0.4592274678111588,0.4592274678111588,0.4592274678111588,0.06609600629574258,0.15516437182708398,0.463519313304721,0.45493562231759654,,,,0.0,False,degenerate
overall,formation_delay_component,current,466,0.37720315508431623,0.5318597534066761,0.05860642625745541,0.5867768595041323,0.5833333333333334,0.4,0.3269532212614785,0.433624133411713,0.625,0.543859649122807,0.11002841855936621,0.12734182247691955,0.09774539691417478,0.18677685950413225,False,stable_positive
overall,formation_delay_component,inverted,466,0.045262133444792664,0.05860642625745541,0.5318597534066761,0.4262295081967213,0.4,0.5833333333333334,-0.09499037662321826,0.20519920632936656,0.38461538461538464,0.47368421052631576,-0.11002841855936621,-0.12734182247691955,-0.09774539691417478,-0.15710382513661209,False,stable_negative
overall,formation_delay_component,neutralized,466,0.11063018906141328,0.11063018906141328,0.11063018906141328,0.4592274678111588,0.4592274678111588,0.4592274678111588,0.06609600629574258,0.15516437182708398,0.463519313304721,0.45493562231759654,,,,0.0,False,degenerate
overall,wick_ratio_component,current,466,0.21745198741126512,0.22026079970564685,-0.03809130633098317,0.5128205128205128,0.48936170212765956,0.3829787234042553,0.06929167871931113,0.3280193819574994,0.48,0.5373134328358209,0.08568794247682475,0.09586575577393941,0.07936252046985624,0.12984178941625746,False,stable_positive
overall,wick_ratio_component,inverted,466,-0.07159293279833714,-0.03809130633098317,0.22026079970564685,0.39316239316239315,0.3829787234042553,0.48936170212765956,-0.02839177444716421,-0.1315455607142506,0.4117647058823529,0.3673469387755102,-0.08568794247682475,-0.09586575577393941,-0.07936252046985624,-0.0961993089652664,False,stable_negative
overall,wick_ratio_component,neutralized,466,0.11063018906141328,0.11063018906141328,0.11063018906141328,0.4592274678111588,0.4592274678111588,0.4592274678111588,0.06609600629574258,0.15516437182708398,0.463519313304721,0.45493562231759654,,,,0.0,False,degenerate
overall,atr_percentile_component,current,466,0.1548852780407247,0.003726785291338051,0.11273972281435808,0.48739495798319327,0.47058823529411764,0.3728813559322034,-0.06269909899257047,0.37615752587119433,0.4166666666666667,0.559322033898305,0.04564292520791373,-0.07005093343020166,0.1529238708446836,0.11451360205098987,False,stable_positive
overall,atr_percentile_component,inverted,466,0.08974364028039193,0.11273972281435808,0.003726785291338051,0.42016806722689076,0.3728813559322034,0.47058823529411764,0.33110132076310284,-0.17278576656045155,0.532258064516129,0.2982456140350877,-0.04564292520791373,0.07005093343020166,-0.1529238708446836,-0.05042016806722688,False,stable_negative
overall,atr_percentile_component,neutralized,466,0.11063018906141328,0.11063018906141328,0.11063018906141328,0.4592274678111588,0.4592274678111588,0.4592274678111588,0.06609600629574258,0.15516437182708398,0.463519313304721,0.45493562231759654,,,,0.0,False,degenerate
overall,distance_at_detect_component,current,466,0.2636841004351167,0.5210705209935782,0.0712790886853584,0.5213675213675214,0.6382978723404256,0.48936170212765956,0.20355990991735282,0.31521912087891435,0.5370370370370371,0.5079365079365079,0.053026809760269564,0.07094091053131289,0.03511648580426079,0.032005819239861844,False,stable_positive
overall,distance_at_detect_component,inverted,466,0.1542700371533733,0.0712790886853584,0.5210705209935782,0.452991452991453,0.48936170212765956,0.6382978723404256,0.1262803146664872,0.19595685787852282,0.42857142857142855,0.48936170212765956,-0.053026809760269564,-0.07094091053131289,-0.03511648580426079,-0.18530641934897257,False,stable_negative
overall,distance_at_detect_component,neutralized,466,0.11063018906141328,0.11063018906141328,0.11063018906141328,0.4592274678111588,0.4592274678111588,0.4592274678111588,0.06609600629574258,0.15516437182708398,0.463519313304721,0.45493562231759654,,,,0.0,False,degenerate
eqh,width_component,current,233,-0.01634224998113669,-0.025763450238302194,0.041596920484695224,0.4576271186440678,0.4583333333333333,0.46808510638297873,-0.01634224998113669,,0.4576271186440678,,-0.02855837340983464,-0.02855837340983464,,-0.010457987738910934,False,stable_negative
eqh,width_component,inverted,233,0.03949009899062185,0.041596920484695224,-0.025763450238302194,0.4576271186440678,0.46808510638297873,0.4583333333333333,0.03949009899062185,,0.4576271186440678,,0.02855837340983464,0.02855837340983464,,-0.0007062146892655163,False,stable_positive
eqh,width_component,neutralized,233,0.06609600629574258,0.06609600629574258,0.06609600629574258,0.463519313304721,0.463519313304721,0.463519313304721,0.06609600629574258,,0.463519313304721,,,,,0.0,False,degenerate
eqh,formation_delay_component,current,233,0.34975876127827177,0.6411488478243773,-0.07120294872136518,0.6166666666666667,0.68,0.3902439024390244,0.34975876127827177,,0.6166666666666667,,0.12734182247691955,0.12734182247691955,,0.2264227642276423,False,stable_positive
eqh,formation_delay_component,inverted,233,-0.09499037662321826,-0.07120294872136518,0.6411488478243773,0.38461538461538464,0.3902439024390244,0.68,-0.09499037662321826,,0.38461538461538464,,-0.12734182247691955,-0.12734182247691955,,-0.2953846153846154,False,stable_negative
eqh,formation_delay_component,neutralized,233,0.06609600629574258,0.06609600629574258,0.06609600629574258,0.463519313304721,0.463519313304721,0.463519313304721,0.06609600629574258,,0.463519313304721,,,,,0.0,False,degenerate
eqh,wick_ratio_component,current,233,0.1516038950290705,0.12401234033003639,-0.07700102262360665,0.4745762711864407,0.5,0.375,0.1516038950290705,,0.4745762711864407,,0.09586575577393941,0.09586575577393941,,0.09957627118644069,False,stable_positive
eqh,wick_ratio_component,inverted,233,-0.04117333217059119,-0.07700102262360665,0.12401234033003639,0.3898305084745763,0.375,0.5,-0.04117333217059119,,0.3898305084745763,,-0.09586575577393941,-0.09586575577393941,,-0.11016949152542371,False,stable_negative
eqh,wick_ratio_component,neutralized,233,0.06609600629574258,0.06609600629574258,0.06609600629574258,0.463519313304721,0.463519313304721,0.463519313304721,0.06609600629574258,,0.463519313304721,,,,,0.0,False,degenerate
eqh,atr_percentile_component,current,233,-0.06269909899257047,-0.21157591862863426,0.2930986930674427,0.4166666666666667,0.4,0.48,-0.06269909899257047,,0.4166666666666667,,-0.07005093343020166,-0.07005093343020166,,-0.0633333333333333,False,stable_positive
eqh,atr_percentile_component,inverted,233,0.33110132076310284,0.2930986930674427,-0.21157591862863426,0.532258064516129,0.48,0.4,0.33110132076310284,,0.532258064516129,,0.07005093343020166,0.07005093343020166,,0.13225806451612898,False,stable_negative
eqh,atr_percentile_component,neutralized,233,0.06609600629574258,0.06609600629574258,0.06609600629574258,0.463519313304721,0.463519313304721,0.463519313304721,0.06609600629574258,,0.463519313304721,,,,,0.0,False,degenerate
eqh,distance_at_detect_component,current,233,0.1219827848565957,0.5911910141284966,-0.009859951156187504,0.5084745762711864,0.7083333333333334,0.4583333333333333,0.1219827848565957,,0.5084745762711864,,0.07094091053131289,0.07094091053131289,,0.0501412429378531,False,stable_positive
eqh,distance_at_detect_component,inverted,233,0.1900191207304734,-0.009859951156187504,0.5911910141284966,0.4576271186440678,0.4583333333333333,0.7083333333333334,0.1900191207304734,,0.4576271186440678,,-0.07094091053131289,-0.07094091053131289,,-0.25070621468926557,False,stable_negative
eqh,distance_at_detect_component,neutralized,233,0.06609600629574258,0.06609600629574258,0.06609600629574258,0.463519313304721,0.463519313304721,0.463519313304721,0.06609600629574258,,0.463519313304721,,,,,0.0,False,degenerate
eql,width_component,current,233,-0.019103771045199558,-0.035160118224391995,0.43311610633672176,0.423728813559322,0.4583333333333333,0.46808510638297873,,-0.019103771045199558,,0.423728813559322,-0.028978988366689957,,-0.028978988366689957,-0.04435629282365672,False,stable_negative
eql,width_component,inverted,233,0.4392889318718324,0.43311610633672176,-0.035160118224391995,0.4745762711864407,0.46808510638297873,0.4583333333333333,,0.4392889318718324,,0.4745762711864407,0.028978988366689957,,0.028978988366689957,0.016242937853107375,False,stable_positive
eql,width_component,neutralized,233,0.15516437182708398,0.15516437182708398,0.15516437182708398,0.45493562231759654,0.45493562231759654,0.45493562231759654,,0.15516437182708398,,0.45493562231759654,,,,0.0,False,degenerate
eql,formation_delay_component,current,233,0.3706067844740675,0.5140018306409034,0.215141260790739,0.5238095238095238,0.5384615384615384,0.4117647058823529,,0.3706067844740675,,0.5238095238095238,0.09774539691417478,,0.09774539691417478,0.11204481792717091,False,stable_positive
eql,formation_delay_component,inverted,233,0.23994265340704202,0.215141260790739,0.5140018306409034,0.5,0.4117647058823529,0.5384615384615384,,0.23994265340704202,,0.5,-0.09774539691417478,,-0.09774539691417478,-0.038461538461538436,False,stable_negative
eql,formation_delay_component,neutralized,233,0.15516437182708398,0.15516437182708398,0.15516437182708398,0.45493562231759654,0.45493562231759654,0.45493562231759654,,0.15516437182708398,,0.45493562231759654,,,,0.0,False,degenerate
eql,wick_ratio_component,current,233,0.25289158249724064,0.3399595528493758,0.014557465870041808,0.5254237288135594,0.5,0.375,,0.25289158249724064,,0.5254237288135594,0.07936252046985624,,0.07936252046985624,0.15042372881355937,False,stable_positive
eql,wick_ratio_component,inverted,233,-0.13590540442197913,0.014557465870041808,0.3399595528493758,0.3559322033898305,0.375,0.5,,-0.13590540442197913,,0.3559322033898305,-0.07936252046985624,,-0.07936252046985624,-0.1440677966101695,False,stable_negative
eql,wick_ratio_component,neutralized,233,0.15516437182708398,0.15516437182708398,0.15516437182708398,0.45493562231759654,0.45493562231759654,0.45493562231759654,,0.15516437182708398,,0.45493562231759654,,,,0.0,False,degenerate
eql,atr_percentile_component,current,233,0.37615752587119433,0.21074861598361908,-0.167430896208887,0.559322033898305,0.5384615384615384,0.2413793103448276,,0.37615752587119433,,0.559322033898305,0.1529238708446836,,0.1529238708446836,0.3179427235534774,False,stable_positive
eql,atr_percentile_component,inverted,233,-0.20082692701602947,-0.167430896208887,0.21074861598361908,0.288135593220339,0.2413793103448276,0.5384615384615384,,-0.20082692701602947,,0.288135593220339,-0.1529238708446836,,-0.1529238708446836,-0.25032594524119944,False,stable_negative
eql,atr_percentile_component,neutralized,233,0.15516437182708398,0.15516437182708398,0.15516437182708398,0.45493562231759654,0.45493562231759654,0.45493562231759654,,0.15516437182708398,,0.45493562231759654,,,,0.0,False,degenerate
eql,distance_at_detect_component,current,233,0.25386881842373665,0.5055724667422351,0.30708075281249797,0.4915254237288136,0.5833333333333334,0.5416666666666666,,0.25386881842373665,,0.4915254237288136,0.03511648580426079,,0.03511648580426079,-0.05014124293785305,False,stable_positive
eql,distance_at_detect_component,inverted,233,0.24779097699571576,0.30708075281249797,0.5055724667422351,0.5084745762711864,0.5416666666666666,0.5833333333333334,,0.24779097699571576,,0.5084745762711864,-0.03511648580426079,,-0.03511648580426079,-0.07485875706214695,False,stable_negative
eql,distance_at_detect_component,neutralized,233,0.15516437182708398,0.15516437182708398,0.15516437182708398,0.45493562231759654,0.45493562231759654,0.45493562231759654,,0.15516437182708398,,0.45493562231759654,,,,0.0,False,degenerate
2-touch,width_component,current,459,-0.016855746123986274,-0.1634120259379865,0.2480822045026349,0.4434782608695652,0.43478260869565216,0.47126436781609193,0.04129644693223299,-0.066566491801077,0.49056603773584906,0.4032258064516129,-0.02393583628596486,-0.031533768154798546,-0.02114735991586917,-0.027786106946526723,False,stable_negative
2-touch,width_component,inverted,459,0.25002337108375494,0.2480822045026349,-0.1634120259379865,0.46956521739130436,0.47126436781609193,0.43478260869565216,0.039315540202163664,0.46442783057730386,0.4482758620689655,0.49122807017543857,0.02393583628596486,0.031533768154798546,0.02114735991586917,0.034782608695652195,False,stable_positive
2-touch,width_component,neutralized,459,0.11073051772056913,0.11073051772056913,0.11073051772056913,0.4596949891067538,0.4596949891067538,0.4596949891067538,0.07044663316996702,0.1508392549470382,0.462882096069869,0.45652173913043476,,,,0.0,False,degenerate
2-touch,formation_delay_component,current,459,0.37066234422899885,0.5248887706874189,0.05860642625745541,0.5847457627118644,0.574468085106383,0.4,0.3397662938632718,0.40486868570533946,0.6290322580645161,0.5357142857142857,0.10690911764617164,0.12820942946770728,0.09082786076161556,0.18474576271186438,False,stable_positive
2-touch,formation_delay_component,inverted,459,0.045262133444792664,0.05860642625745541,0.5248887706874189,0.4262295081967213,0.4,0.574468085106383,-0.09499037662321826,0.20519920632936656,0.38461538461538464,0.47368421052631576,-0.10690911764617164,-0.12820942946770728,-0.09082786076161556,-0.14823857690966175,False,stable_negative
2-touch,formation_delay_component,neutralized,459,0.11073051772056913,0.11073051772056913,0.11073051772056913,0.4596949891067538,0.4596949891067538,0.4596949891067538,0.07044663316996702,0.1508392549470382,0.462882096069869,0.45652173913043476,,,,0.0,False,degenerate
2-touch,wick_ratio_component,current,459,0.19002443016061046,0.2406011360572472,-0.017180247772961087,0.5043478260869565,0.5,0.391304347826087,0.06929167871931113,0.2828957774231484,0.48,0.5230769230769231,0.08004628206339996,0.09018101616372334,0.07368078793557796,0.11304347826086952,False,stable_positive
2-touch,wick_ratio_component,inverted,459,-0.07161625285754102,-0.017180247772961087,0.2406011360572472,0.391304347826087,0.391304347826087,0.5,-0.02712328187301425,-0.1315455607142506,0.4090909090909091,0.3673469387755102,-0.08004628206339996,-0.09018101616372334,-0.07368078793557796,-0.10869565217391303,False,stable_negative
2-touch,wick_ratio_component,neutralized,459,0.11073051772056913,0.11073051772056913,0.11073051772056913,0.4596949891067538,0.4596949891067538,0.4596949891067538,0.07044663316996702,0.1508392549470382,0.462882096069869,0.45652173913043476,,,,0.0,False,degenerate
2-touch,atr_percentile_component,current,459,0.1703412746400162,0.013772941917877974,0.11761147883823178,0.49572649572649574,0.48,0.36363636363636365,-0.04681264304329203,0.3912392253868297,0.423728813559322,0.5689655172413793,0.052159055649286065,-0.06348558354060646,0.1584957232618849,0.1320901320901321,False,stable_positive
2-touch,atr_percentile_component,inverted,459,0.09127374681236744,0.11761147883823178,0.013772941917877974,0.41739130434782606,0.36363636363636365,0.48,0.34339307485299675,-0.17435197380186707,0.5254237288135594,0.30357142857142855,-0.052159055649286065,0.06348558354060646,-0.1584957232618849,-0.06260869565217392,False,stable_negative
2-touch,atr_percentile_component,neutralized,459,0.11073051772056913,0.11073051772056913,0.11073051772056913,0.4596949891067538,0.4596949891067538,0.4596949891067538,0.07044663316996702,0.1508392549470382,0.462882096069869,0.45652173913043476,,,,0.0,False,degenerate
2-touch,distance_at_detect_component,current,459,0.26810538880659074,0.5210705209935782,0.09456776452634447,0.5217391304347826,0.6382978723404256,0.5,0.20355990991735282,0.3252440094626375,0.5370370370370371,0.5081967213114754,0.046673657820496046,0.06261849608126895,0.031060200254361382,0.021739130434782594,False,stable_positive
2-touch,distance_at_detect_component,inverted,459,0.16209565058409467,0.09456776452634447,0.5210705209935782,0.45217391304347826,0.5,0.6382978723404256,0.13869158083647526,0.19595685787852282,0.4264705882352941,0.48936170212765956,-0.046673657820496046,-0.06261849608126895,-0.031060200254361382,-0.1861239592969473,False,stable_negative
2-touch,distance_at_detect_component,neutralized,459,0.11073051772056913,0.11073051772056913,0.11073051772056913,0.4596949891067538,0.4596949891067538,0.4596949891067538,0.07044663316996702,0.1508392549470382,0.462882096069869,0.45652173913043476,,,,0.0,False,degenerate
3-touch+,width_component,current,7,0.104051495553908,0.104051495553908,0.104051495553908,0.42857142857142855,0.42857142857142855,0.42857142857142855,-0.18297738225360843,0.4867566659639299,0.5,0.3333333333333333,,,,0.0,True,stable_negative
3-touch+,width_component,inverted,7,0.104051495553908,0.104051495553908,0.104051495553908,0.42857142857142855,0.42857142857142855,0.42857142857142855,-0.18297738225360843,0.4867566659639299,0.5,0.3333333333333333,,,,0.0,True,stable_positive
3-touch+,width_component,neutralized,7,0.104051495553908,0.104051495553908,0.104051495553908,0.42857142857142855,0.42857142857142855,0.42857142857142855,-0.18297738225360843,0.4867566659639299,0.5,0.3333333333333333,,,,0.0,True,degenerate
3-touch+,formation_delay_component,current,7,1.4517125730902034,0.8594959412117744,-0.4985810460356584,1.0,1.0,0.0,0.8594959412117744,2.043929204968632,1.0,1.0,0.5363636363636364,0.5000000000000001,1.0,1.0,False,stable_positive
3-touch+,formation_delay_component,inverted,7,-0.3633288387539555,-0.4985810460356584,0.8594959412117744,0.3333333333333333,0.0,1.0,-0.2957027351131041,-0.4985810460356584,0.5,0.0,-0.5363636363636364,-0.5000000000000001,-1.0,-0.6666666666666667,False,stable_negative
3-touch+,formation_delay_component,neutralized,7,0.104051495553908,0.104051495553908,0.104051495553908,0.42857142857142855,0.42857142857142855,0.42857142857142855,-0.18297738225360843,0.4867566659639299,0.5,0.3333333333333333,,,,0.0,False,degenerate
3-touch+,wick_ratio_component,current,7,1.226261867371212,2.043929204968632,-1.0,1.0,1.0,0.0,0.40859452977379185,2.043929204968632,1.0,1.0,0.5765999761251578,0.21081851067789195,0.5,1.0,False,stable_positive
3-touch+,wick_ratio_component,inverted,7,-0.07025202939411279,-1.0,2.043929204968632,0.5,0.0,1.0,-0.07025202939411279,,0.5,,-0.5765999761251578,-0.21081851067789195,-0.5,-0.5,False,stable_negative
3-touch+,wick_ratio_component,neutralized,7,0.104051495553908,0.104051495553908,0.104051495553908,0.42857142857142855,0.42857142857142855,0.42857142857142855,-0.18297738225360843,0.4867566659639299,0.5,0.3333333333333333,,,,0.0,False,degenerate
3-touch+,atr_percentile_component,current,7,-0.7492905230178292,-0.4985810460356584,-0.22549454375579744,0.0,0.0,0.3333333333333333,-1.0,-0.4985810460356584,0.0,0.0,-0.07479575920067658,-0.05555555555555556,-0.5,-0.3333333333333333,False,stable_positive
3-touch+,atr_percentile_component,inverted,7,-0.22549454375579744,-0.22549454375579744,-0.4985810460356584,0.3333333333333333,0.3333333333333333,0.0,-0.2957027351131041,-0.08507816104118415,0.5,0.0,0.07479575920067658,0.05555555555555556,0.5,0.3333333333333333,False,stable_negative
3-touch+,atr_percentile_component,neutralized,7,0.104051495553908,0.104051495553908,0.104051495553908,0.42857142857142855,0.42857142857142855,0.42857142857142855,-0.18297738225360843,0.4867566659639299,0.5,0.3333333333333333,,,,0.0,False,degenerate
3-touch+,distance_at_detect_component,current,7,0.7726740794664869,-0.4985810460356584,-1.0,0.5,0.0,0.0,,0.7726740794664869,,0.5,0.594618725379069,0.9486832980505139,-0.5,0.5,False,stable_positive
3-touch+,distance_at_detect_component,inverted,7,-1.0,-1.0,-0.4985810460356584,0.0,0.0,0.0,-1.0,,0.0,,-0.594618725379069,-0.9486832980505139,0.5,0.0,False,stable_negative
3-touch+,distance_at_detect_component,neutralized,7,0.104051495553908,0.104051495553908,0.104051495553908,0.42857142857142855,0.42857142857142855,0.42857142857142855,-0.18297738225360843,0.4867566659639299,0.5,0.3333333333333333,,,,0.0,False,degenerate
first_half,width_component,current,233,-0.09266141928720327,-0.14755582568927092,0.22973678699557953,0.4576271186440678,0.5,0.47058823529411764,-0.2191401444730729,0.006988485404694003,0.5,0.42424242424242425,-0.019996497326509016,-0.0545841914209437,0.0019762423129271512,-0.012961116650049842,False,stable_negative
first_half,width_component,inverted,233,0.2294662983189523,0.22973678699557953,-0.14755582568927092,0.4576271186440678,0.47058823529411764,0.5,0.15978744007442594,0.28436479269342757,0.46153846153846156,0.45454545454545453,0.019996497326509016,0.0545841914209437,-0.0019762423129271512,-0.0423728813559322,False,stable_positive
first_half,width_component,neutralized,233,0.05861731792418751,0.05861731792418751,0.05861731792418751,0.4592274678111588,0.4592274678111588,0.4592274678111588,0.04299873938420967,0.07357965366836795,0.49122807017543857,0.42857142857142855,,,,0.0,False,degenerate
first_half,formation_delay_component,current,233,0.3969734522088035,0.5871216222849903,-0.0852985478720909,0.5932203389830508,0.5714285714285714,0.36585365853658536,0.3146994534293916,0.4663921386789321,0.6666666666666666,0.53125,0.1929033915001406,0.18457840362208194,0.19663743971635034,0.22736668044646546,False,stable_positive
first_half,formation_delay_component,inverted,233,-0.03895998059125562,-0.0852985478720909,0.5871216222849903,0.4153846153846154,0.36585365853658536,0.5714285714285714,-0.08693026026748575,0.020589332110271454,0.4166666666666667,0.41379310344827586,-0.1929033915001406,-0.18457840362208194,-0.19663743971635034,-0.156043956043956,False,stable_negative
first_half,formation_delay_component,neutralized,233,0.05861731792418751,0.05861731792418751,0.05861731792418751,0.4592274678111588,0.4592274678111588,0.4592274678111588,0.04299873938420967,0.07357965366836795,0.49122807017543857,0.42857142857142855,,,,0.0,False,degenerate
first_half,wick_ratio_component,current,233,0.3112664431717493,0.3173014384202918,0.020028041965068504,0.5084745762711864,0.4583333333333333,0.4583333333333333,0.17715636855695158,0.41692892620158983,0.5,0.5151515151515151,0.10245992132203723,0.06835005483965725,0.14507053906228967,0.0501412429378531,False,stable_positive
first_half,wick_ratio_component,inverted,233,-0.11205306271245663,0.020028041965068504,0.3173014384202918,0.423728813559322,0.4583333333333333,0.4583333333333333,-0.02507148480225725,-0.21514234023565598,0.5,0.3333333333333333,-0.10245992132203723,-0.06835005483965725,-0.14507053906228967,-0.0346045197740113,False,stable_negative
first_half,wick_ratio_component,neutralized,233,0.05861731792418751,0.05861731792418751,0.05861731792418751,0.4592274678111588,0.4592274678111588,0.4592274678111588,0.04299873938420967,0.07357965366836795,0.49122807017543857,0.42857142857142855,,,,0.0,False,degenerate
first_half,atr_percentile_component,current,233,0.016815867993425278,0.068578775441974,0.18656067033578966,0.4666666666666667,0.5769230769230769,0.46153846153846156,-0.17128965829457815,0.17072038950179172,0.4444444444444444,0.48484848484848486,0.024104537010749983,-0.024267460353226602,0.06971815153628423,0.00512820512820511,False,stable_positive
first_half,atr_percentile_component,inverted,233,-0.034543684075113004,0.18656067033578966,0.068578775441974,0.40625,0.46153846153846156,0.5769230769230769,0.13008076730382165,-0.19916813545404768,0.5,0.3125,-0.024104537010749983,0.024267460353226602,-0.06971815153628423,-0.17067307692307687,False,stable_negative
first_half,atr_percentile_component,neutralized,233,0.05861731792418751,0.05861731792418751,0.05861731792418751,0.4592274678111588,0.4592274678111588,0.4592274678111588,0.04299873938420967,0.07357965366836795,0.49122807017543857,0.42857142857142855,,,,0.0,False,degenerate
first_half,distance_at_detect_component,current,233,0.22772795906981572,0.6159267934110485,0.3322253027718056,0.5254237288135594,0.6785714285714286,0.4166666666666667,0.3284719267653805,0.13034212363076972,0.5862068965517241,0.4666666666666667,0.07646533431060626,0.10518492511171794,0.05851875153335904,0.10875706214689268,False,stable_positive
first_half,distance_at_detect_component,inverted,233,0.13150155369161623,0.3322253027718056,0.6159267934110485,0.4406779661016949,0.4166666666666667,0.6785714285714286,0.004558264526571302,0.29262188224725005,0.42424242424242425,0.46153846153846156,-0.07646533431060626,-0.10518492511171794,-0.05851875153335904,-0.2378934624697337,False,stable_negative
first_half,distance_at_detect_component,neutralized,233,0.05861731792418751,0.05861731792418751,0.05861731792418751,0.4592274678111588,0.4592274678111588,0.4592274678111588,0.04299873938420967,0.07357965366836795,0.49122807017543857,0.42857142857142855,,,,0.0,False,degenerate
second_half,width_component,current,233,0.1201188177684038,0.08663225722657668,0.24639386334493107,0.4406779661016949,0.4166666666666667,0.46511627906976744,0.2748834599412242,-0.01046384906491346,0.4444444444444444,0.4375,-0.03013945855050932,0.0043886738735238,-0.07648152845330286,-0.02443831296807253,False,stable_negative
second_half,width_component,inverted,233,0.18933236987636073,0.24639386334493107,0.08663225722657668,0.4406779661016949,0.46511627906976744,0.4166666666666667,-0.13272087926679094,0.5458913242848501,0.41935483870967744,0.4642857142857143,0.03013945855050932,-0.0043886738735238,0.07648152845330286,0.02401129943502822,False,stable_positive
second_half,width_component,neutralized,233,0.16264306019863906,0.16264306019863906,0.16264306019863906,0.4592274678111588,0.4592274678111588,0.4592274678111588,0.08822279980763124,0.2403273670980244,0.4369747899159664,0.4824561403508772,,,,0.0,False,degenerate
second_half,formation_delay_component,current,233,0.35335323732030244,0.24855744768868984,0.23213889506073185,0.559322033898305,0.4827586206896552,0.4411764705882353,0.32358227445852467,0.3938417468123202,0.5882352941176471,0.52,0.02429125727376812,0.07269013013384161,-0.006797852685950486,0.11814556331006976,False,stable_positive
second_half,formation_delay_component,inverted,233,0.21854481887880195,0.23213889506073185,0.24855744768868984,0.46875,0.4411764705882353,0.4827586206896552,0.055277124880113215,0.40358153874398256,0.38235294117647056,0.5666666666666667,-0.02429125727376812,-0.07269013013384161,0.006797852685950486,-0.014008620689655193,False,stable_negative
second_half,formation_delay_component,neutralized,233,0.16264306019863906,0.16264306019863906,0.16264306019863906,0.4592274678111588,0.4592274678111588,0.4592274678111588,0.08822279980763124,0.2403273670980244,0.4369747899159664,0.4824561403508772,,,,0.0,False,degenerate
second_half,wick_ratio_component,current,233,0.10127919905382661,-0.05920554621905524,-0.08008813752915443,0.5084745762711864,0.4583333333333333,0.3333333333333333,0.02911481463811074,0.14738422243053392,0.4782608695652174,0.5277777777777778,0.06638266647795141,0.13083655588253795,0.0014261378456034465,0.1751412429378531,False,stable_positive
second_half,wick_ratio_component,inverted,233,-0.04686851588763565,-0.08008813752915443,-0.05920554621905524,0.3559322033898305,0.3333333333333333,0.4583333333333333,-0.031343143020414854,-0.07116909950589431,0.3333333333333333,0.391304347826087,-0.06638266647795141,-0.13083655588253795,-0.0014261378456034465,-0.10240112994350281,False,stable_negative
second_half,wick_ratio_component,neutralized,233,0.16264306019863906,0.16264306019863906,0.16264306019863906,0.4592274678111588,0.4592274678111588,0.4592274678111588,0.08822279980763124,0.2403273670980244,0.4369747899159664,0.4824561403508772,,,,0.0,False,degenerate
second_half,atr_percentile_component,current,233,0.30912071526270346,0.20671459394588199,0.05457776416110904,0.5238095238095238,0.5,0.30303030303030304,0.05696221494010074,0.5864950656175665,0.3939393939393939,0.6666666666666666,0.07227189620549732,-0.11394622637564687,0.2417093261612117,0.2207792207792208,False,stable_positive
second_half,atr_percentile_component,inverted,233,0.05676485230315018,0.05457776416110904,0.20671459394588199,0.38235294117647056,0.30303030303030304,0.5,0.321251263217838,-0.24078235997587355,0.5,0.25,-0.07227189620549732,0.11394622637564687,-0.2417093261612117,-0.11764705882352944,False,stable_negative
second_half,atr_percentile_component,neutralized,233,0.16264306019863906,0.16264306019863906,0.16264306019863906,0.4592274678111588,0.4592274678111588,0.4592274678111588,0.08822279980763124,0.2403273670980244,0.4369747899159664,0.4824561403508772,,,,0.0,False,degenerate
second_half,distance_at_detect_component,current,233,0.32694313322628643,0.4032924545391789,-0.03231203955316649,0.5423728813559322,0.625,0.5,0.08257110334088891,0.5194786719238724,0.5384615384615384,0.5454545454545454,0.04043873008507331,0.05249686433455515,0.02464698220106592,0.0423728813559322,False,stable_positive
second_half,distance_at_detect_component,inverted,233,0.23906343393479237,-0.03231203955316649,0.4032924545391789,0.5084745762711864,0.5,0.625,0.3279119699940276,0.133761465271995,0.5,0.5185185185185185,-0.04043873008507331,-0.05249686433455515,-0.02464698220106592,-0.11652542372881358,False,stable_negative
second_half,distance_at_detect_component,neutralized,233,0.16264306019863906,0.16264306019863906,0.16264306019863906,0.4592274678111588,0.4592274678111588,0.4592274678111588,0.08822279980763124,0.2403273670980244,0.4369747899159664,0.4824561403508772,,,,0.0,False,degenerate
