ob_id,side_label,activate_idx,fresh_state_duration,touched_state_duration,partial_state_duration,post_full_pre_terminal_duration,total_live_duration,bars_to_invalidation,bars_to_retirement,terminal_state
1,bull,69,11.0,0.0,0.0,0.0,11.0,,,mitigated_full
2,bull,167,96.0,0.0,0.0,0.0,96.0,,96.0,retired
3,bull,171,3.0,0.0,93.0,0.0,96.0,,96.0,retired
4,bull,183,96.0,0.0,0.0,0.0,96.0,,96.0,retired
5,bull,222,14.0,0.0,82.0,0.0,96.0,,96.0,retired
6,bull,230,5.0,0.0,0.0,0.0,5.0,,,mitigated_full
7,bull,294,33.0,0.0,1.0,0.0,34.0,34.0,,invalidated
8,bull,309,8.0,0.0,0.0,0.0,8.0,8.0,,invalidated
9,bull,312,1.0,0.0,4.0,0.0,5.0,5.0,,invalidated
10,bear,359,55.0,0.0,10.0,0.0,65.0,,,mitigated_full
11,bull,402,44.0,0.0,0.0,0.0,44.0,,,mitigated_full
12,bull,413,33.0,0.0,0.0,0.0,33.0,,,mitigated_full
13,bear,539,96.0,0.0,0.0,0.0,96.0,,96.0,retired
14,bear,632,61.0,0.0,6.0,0.0,67.0,,,mitigated_full
15,bear,636,3.0,0.0,0.0,0.0,3.0,,,mitigated_full
16,bull,669,96.0,0.0,0.0,0.0,96.0,,96.0,retired
17,bull,700,19.0,0.0,0.0,0.0,19.0,,,mitigated_full
18,bull,710,3.0,0.0,2.0,0.0,5.0,,,mitigated_full
19,bull,818,1.0,0.0,15.0,0.0,16.0,16.0,,invalidated
20,bull,822,12.0,0.0,0.0,0.0,12.0,12.0,,invalidated
21,bear,842,13.0,0.0,0.0,0.0,13.0,13.0,,invalidated
22,bear,882,11.0,0.0,10.0,0.0,21.0,,,mitigated_full
23,bear,917,5.0,0.0,0.0,0.0,5.0,,,mitigated_full
24,bear,935,1.0,0.0,0.0,0.0,1.0,,,mitigated_full
25,bear,1007,19.0,0.0,13.0,0.0,32.0,32.0,,invalidated
26,bear,1091,1.0,0.0,0.0,0.0,1.0,,,mitigated_full
27,bear,1101,96.0,0.0,0.0,0.0,96.0,,96.0,retired
28,bear,1108,5.0,0.0,7.0,0.0,12.0,,,mitigated_full
29,bear,1129,96.0,0.0,0.0,0.0,96.0,,96.0,retired
30,bull,1251,52.0,0.0,10.0,0.0,62.0,,,mitigated_full
31,bear,1314,96.0,0.0,0.0,0.0,96.0,,96.0,retired
32,bull,1397,8.0,0.0,0.0,0.0,8.0,,,mitigated_full
33,bear,1442,8.0,0.0,0.0,0.0,8.0,,,mitigated_full
34,bear,1446,3.0,0.0,1.0,0.0,4.0,4.0,,invalidated
35,bull,1486,26.0,0.0,0.0,0.0,26.0,26.0,,invalidated
36,bear,1512,4.0,0.0,0.0,0.0,4.0,,,mitigated_full
37,bull,1569,7.0,0.0,4.0,0.0,11.0,11.0,,invalidated
38,bull,1617,7.0,0.0,89.0,0.0,96.0,,96.0,retired
39,bull,1633,96.0,0.0,0.0,0.0,96.0,,96.0,retired
40,bull,1640,54.0,0.0,0.0,0.0,54.0,,,mitigated_full
41,bull,1650,25.0,0.0,3.0,0.0,28.0,,,mitigated_full
42,bear,1729,96.0,0.0,0.0,0.0,96.0,,96.0,retired
43,bear,1793,1.0,0.0,0.0,0.0,1.0,,,mitigated_full
44,bull,1811,16.0,0.0,0.0,0.0,16.0,16.0,,invalidated
45,bear,1860,40.0,0.0,2.0,0.0,42.0,,,mitigated_full
46,bear,1868,4.0,0.0,0.0,0.0,4.0,,,mitigated_full
47,bull,1900,96.0,0.0,0.0,0.0,96.0,,96.0,retired
48,bull,1911,96.0,0.0,0.0,0.0,96.0,,96.0,retired
49,bull,1919,30.0,0.0,5.0,0.0,35.0,,,mitigated_full
50,bull,1923,1.0,0.0,0.0,0.0,1.0,,,mitigated_full
51,bull,1970,16.0,0.0,4.0,0.0,20.0,20.0,,invalidated
52,bear,2060,7.0,0.0,0.0,0.0,7.0,7.0,,invalidated
53,bear,2091,4.0,0.0,1.0,0.0,5.0,,,mitigated_full
54,bull,2222,1.0,0.0,12.0,0.0,13.0,,,mitigated_full
55,bear,2240,18.0,0.0,6.0,0.0,24.0,24.0,,invalidated
56,bear,2321,21.0,0.0,75.0,0.0,96.0,,96.0,retired
57,bear,2431,96.0,0.0,0.0,0.0,96.0,,96.0,retired
58,bear,2435,96.0,0.0,0.0,0.0,96.0,,96.0,retired
59,bear,2459,4.0,0.0,0.0,0.0,4.0,4.0,,invalidated
60,bull,2522,1.0,0.0,1.0,0.0,2.0,,,mitigated_full
61,bull,2531,3.0,0.0,0.0,0.0,3.0,,,mitigated_full
62,bull,2536,1.0,0.0,95.0,0.0,96.0,,96.0,retired
63,bear,2679,19.0,0.0,0.0,0.0,19.0,19.0,,invalidated
64,bull,2709,8.0,0.0,5.0,0.0,13.0,,,mitigated_full
65,bear,2752,2.0,0.0,0.0,0.0,2.0,,,mitigated_full
66,bear,2760,12.0,0.0,0.0,0.0,12.0,12.0,,invalidated
67,bull,2785,12.0,0.0,84.0,0.0,96.0,,96.0,retired
68,bear,2885,96.0,0.0,0.0,0.0,96.0,,96.0,retired
69,bear,2909,96.0,0.0,0.0,0.0,96.0,,96.0,retired
70,bear,2916,96.0,0.0,0.0,0.0,96.0,,96.0,retired
71,bear,2927,96.0,0.0,0.0,0.0,96.0,,96.0,retired
72,bear,3209,5.0,0.0,0.0,0.0,5.0,,,mitigated_full
73,bull,3263,4.0,0.0,0.0,0.0,4.0,4.0,,invalidated
74,bull,3292,96.0,0.0,0.0,0.0,96.0,,96.0,retired
75,bull,3296,96.0,0.0,0.0,0.0,96.0,,96.0,retired
76,bull,3308,1.0,0.0,95.0,0.0,96.0,,96.0,retired
77,bull,3421,1.0,0.0,0.0,0.0,1.0,,,mitigated_full
78,bull,3477,2.0,0.0,4.0,0.0,6.0,6.0,,invalidated
79,bull,3564,33.0,0.0,63.0,0.0,96.0,,96.0,retired
80,bull,3613,21.0,0.0,75.0,0.0,96.0,,96.0,retired
81,bull,3656,95.0,0.0,1.0,0.0,96.0,,96.0,retired
82,bear,3785,2.0,0.0,32.0,0.0,34.0,34.0,,invalidated
83,bull,3845,53.0,0.0,10.0,0.0,63.0,,,mitigated_full
84,bull,3850,44.0,0.0,2.0,0.0,46.0,,,mitigated_full
85,bull,3855,7.0,0.0,32.0,0.0,39.0,39.0,,invalidated
86,bull,3870,6.0,0.0,1.0,0.0,7.0,,,mitigated_full
87,bear,3894,15.0,0.0,0.0,0.0,15.0,15.0,,invalidated
88,bull,4055,96.0,0.0,0.0,0.0,96.0,,96.0,retired
89,bear,4098,96.0,0.0,0.0,0.0,96.0,,96.0,retired
90,bear,4205,17.0,0.0,0.0,0.0,17.0,,,mitigated_full
91,bear,4248,96.0,0.0,0.0,0.0,96.0,,96.0,retired
92,bear,4359,96.0,0.0,0.0,0.0,96.0,,96.0,retired
93,bear,4371,6.0,0.0,49.0,0.0,55.0,55.0,,invalidated
94,bull,4482,33.0,0.0,2.0,0.0,35.0,,,mitigated_full
95,bear,4532,96.0,0.0,0.0,0.0,96.0,,96.0,retired
96,bear,4580,96.0,0.0,0.0,0.0,96.0,,96.0,retired
97,bull,4729,10.0,0.0,86.0,0.0,96.0,,96.0,retired
98,bull,4780,4.0,0.0,4.0,0.0,8.0,,,mitigated_full
99,bear,4811,1.0,0.0,1.0,0.0,2.0,,,mitigated_full
100,bull,4820,11.0,0.0,4.0,0.0,15.0,15.0,,invalidated
101,bull,4894,8.0,0.0,0.0,0.0,8.0,,,mitigated_full
102,bear,4947,1.0,0.0,1.0,0.0,2.0,2.0,,invalidated
103,bull,4960,30.0,0.0,0.0,0.0,30.0,,,mitigated_full
104,bear,5008,41.0,0.0,2.0,0.0,43.0,,,mitigated_full
105,bear,5013,34.0,0.0,0.0,0.0,34.0,,,mitigated_full
106,bull,5062,6.0,0.0,0.0,0.0,6.0,6.0,,invalidated
107,bull,5148,4.0,0.0,6.0,0.0,10.0,,,mitigated_full
108,bull,5172,23.0,0.0,15.0,0.0,38.0,38.0,,invalidated
109,bull,5313,96.0,0.0,0.0,0.0,96.0,,96.0,retired
110,bull,5324,1.0,0.0,0.0,0.0,1.0,1.0,,invalidated
111,bull,5372,1.0,0.0,1.0,0.0,2.0,2.0,,invalidated
112,bull,5403,15.0,0.0,0.0,0.0,15.0,15.0,,invalidated
113,bear,5418,96.0,0.0,0.0,0.0,96.0,,96.0,retired
114,bear,5424,19.0,0.0,0.0,0.0,19.0,19.0,,invalidated
115,bear,5436,2.0,0.0,0.0,0.0,2.0,,,mitigated_full
116,bull,5485,7.0,0.0,0.0,0.0,7.0,7.0,,invalidated
117,bear,5521,71.0,0.0,0.0,0.0,71.0,,,mitigated_full
118,bear,5553,2.0,0.0,0.0,0.0,2.0,,,mitigated_full
119,bull,5733,2.0,0.0,0.0,0.0,2.0,,,mitigated_full
120,bull,5821,9.0,0.0,4.0,0.0,13.0,,,mitigated_full
121,bear,5863,96.0,0.0,0.0,0.0,96.0,,96.0,retired
122,bull,6094,13.0,0.0,10.0,0.0,23.0,,,mitigated_full
123,bear,6117,2.0,0.0,0.0,0.0,2.0,2.0,,invalidated
124,bear,6206,79.0,0.0,2.0,0.0,81.0,81.0,,invalidated
125,bear,6216,45.0,0.0,3.0,0.0,48.0,,,mitigated_full
126,bear,6232,12.0,0.0,0.0,0.0,12.0,12.0,,invalidated
127,bull,6295,1.0,0.0,95.0,0.0,96.0,,96.0,retired
128,bull,6312,96.0,0.0,0.0,0.0,96.0,,96.0,retired
129,bull,6405,25.0,0.0,22.0,0.0,47.0,,,mitigated_full
130,bear,6470,14.0,0.0,8.0,0.0,22.0,,,mitigated_full
131,bull,6484,69.0,0.0,10.0,0.0,79.0,79.0,,invalidated
132,bull,6496,3.0,0.0,0.0,0.0,3.0,,,mitigated_full
133,bull,6500,23.0,0.0,0.0,0.0,23.0,23.0,,invalidated
134,bull,6582,13.0,0.0,2.0,0.0,15.0,,,mitigated_full
135,bear,6632,8.0,0.0,11.0,0.0,19.0,19.0,,invalidated
136,bull,6660,22.0,0.0,1.0,0.0,23.0,,,mitigated_full
137,bull,6670,6.0,0.0,0.0,0.0,6.0,6.0,,invalidated
138,bull,6727,3.0,0.0,58.0,0.0,61.0,61.0,,invalidated
139,bull,6732,14.0,0.0,38.0,0.0,52.0,,,mitigated_full
140,bear,6787,96.0,0.0,0.0,0.0,96.0,,96.0,retired
141,bull,6873,2.0,0.0,0.0,0.0,2.0,,,mitigated_full
142,bull,6923,1.0,0.0,0.0,0.0,1.0,,,mitigated_full
143,bear,7142,96.0,0.0,0.0,0.0,96.0,,96.0,retired
144,bear,7152,96.0,0.0,0.0,0.0,96.0,,96.0,retired
145,bear,7166,96.0,0.0,0.0,0.0,96.0,,96.0,retired
146,bear,7170,3.0,0.0,11.0,0.0,14.0,,,mitigated_full
147,bear,7283,63.0,0.0,5.0,0.0,68.0,,,mitigated_full
148,bear,7293,25.0,0.0,1.0,0.0,26.0,26.0,,invalidated
149,bull,7421,12.0,0.0,1.0,0.0,13.0,,,mitigated_full
150,bear,7488,19.0,0.0,0.0,0.0,19.0,19.0,,invalidated
151,bull,7507,25.0,0.0,0.0,0.0,25.0,25.0,,invalidated
152,bear,7686,13.0,0.0,0.0,0.0,13.0,13.0,,invalidated
153,bear,7691,1.0,0.0,7.0,0.0,8.0,8.0,,invalidated
154,bull,7710,41.0,0.0,5.0,0.0,46.0,,,mitigated_full
155,bull,7799,5.0,0.0,24.0,0.0,29.0,29.0,,invalidated
156,bull,7887,1.0,0.0,1.0,0.0,2.0,,,mitigated_full
157,bull,7898,8.0,0.0,0.0,0.0,8.0,8.0,,invalidated
158,bull,8015,15.0,0.0,1.0,0.0,16.0,,,mitigated_full
159,bear,8045,10.0,0.0,1.0,0.0,11.0,,,mitigated_full
160,bull,8096,13.0,0.0,1.0,0.0,14.0,,,mitigated_full
161,bear,8132,6.0,0.0,90.0,0.0,96.0,,96.0,retired
162,bear,8149,23.0,0.0,2.0,0.0,25.0,,,mitigated_full
163,bull,8189,10.0,0.0,1.0,0.0,11.0,,,mitigated_full
164,bull,8216,1.0,0.0,9.0,0.0,10.0,,,mitigated_full
165,bull,8226,6.0,0.0,30.0,0.0,36.0,36.0,,invalidated
166,bear,8262,57.0,0.0,39.0,0.0,96.0,,96.0,retired
167,bear,8266,1.0,0.0,1.0,0.0,2.0,2.0,,invalidated
168,bull,8303,22.0,0.0,0.0,0.0,22.0,22.0,,invalidated
169,bull,8318,5.0,0.0,1.0,0.0,6.0,6.0,,invalidated
170,bear,8332,96.0,0.0,0.0,0.0,96.0,,96.0,retired
171,bear,8343,43.0,0.0,0.0,0.0,43.0,,,mitigated_full
172,bull,8455,19.0,0.0,5.0,0.0,24.0,24.0,,invalidated
173,bear,8473,67.0,0.0,0.0,0.0,67.0,67.0,,invalidated
174,bear,8479,25.0,0.0,32.0,0.0,57.0,,,mitigated_full
175,bull,8558,19.0,0.0,7.0,0.0,26.0,26.0,,invalidated
176,bull,8624,96.0,0.0,0.0,0.0,96.0,,96.0,retired
177,bull,8631,2.0,0.0,0.0,0.0,2.0,,,mitigated_full
178,bear,8696,20.0,0.0,0.0,0.0,20.0,,,mitigated_full
179,bull,8753,15.0,0.0,0.0,0.0,15.0,,,mitigated_full
180,bull,8815,96.0,0.0,0.0,0.0,96.0,,96.0,retired
181,bull,8936,1.0,0.0,0.0,0.0,1.0,1.0,,invalidated
182,bear,8982,18.0,0.0,0.0,0.0,18.0,,,mitigated_full
183,bull,9051,5.0,0.0,0.0,0.0,5.0,5.0,,invalidated
184,bear,9066,27.0,0.0,0.0,0.0,27.0,27.0,,invalidated
185,bear,9075,12.0,0.0,1.0,0.0,13.0,,,mitigated_full
186,bull,9093,6.0,0.0,0.0,0.0,6.0,,,mitigated_full
187,bull,9186,13.0,0.0,5.0,0.0,18.0,18.0,,invalidated
188,bear,9249,96.0,0.0,0.0,0.0,96.0,,96.0,retired
189,bull,9344,3.0,0.0,0.0,0.0,3.0,,,mitigated_full
190,bull,9464,96.0,0.0,0.0,0.0,96.0,,96.0,retired
191,bull,9495,3.0,0.0,0.0,0.0,3.0,,,mitigated_full
192,bull,9547,2.0,0.0,0.0,0.0,2.0,2.0,,invalidated
193,bull,9569,41.0,0.0,0.0,0.0,41.0,41.0,,invalidated
194,bull,9658,60.0,0.0,0.0,0.0,60.0,60.0,,invalidated
195,bull,9681,37.0,0.0,0.0,0.0,37.0,37.0,,invalidated
196,bull,9741,7.0,0.0,22.0,0.0,29.0,,,mitigated_full
197,bear,9773,63.0,0.0,0.0,0.0,63.0,,,mitigated_full
198,bear,9780,42.0,0.0,0.0,0.0,42.0,42.0,,invalidated
199,bear,9785,8.0,0.0,26.0,0.0,34.0,34.0,,invalidated
200,bear,9852,14.0,0.0,5.0,0.0,19.0,,,mitigated_full
201,bull,9877,96.0,0.0,0.0,0.0,96.0,,96.0,retired
202,bull,9901,2.0,0.0,27.0,0.0,29.0,29.0,,invalidated
203,bull,10045,31.0,0.0,20.0,0.0,51.0,,,mitigated_full
204,bull,10051,7.0,0.0,1.0,0.0,8.0,,,mitigated_full
205,bull,10055,3.0,0.0,0.0,0.0,3.0,,,mitigated_full
206,bull,10113,14.0,0.0,5.0,0.0,19.0,19.0,,invalidated
207,bear,10144,12.0,0.0,7.0,0.0,19.0,,,mitigated_full
208,bull,10169,1.0,0.0,0.0,0.0,1.0,1.0,,invalidated
209,bull,10219,18.0,0.0,0.0,0.0,18.0,,,mitigated_full
210,bull,10250,6.0,0.0,0.0,0.0,6.0,6.0,,invalidated
211,bull,10280,96.0,0.0,0.0,0.0,96.0,,96.0,retired
212,bull,10285,14.0,0.0,11.0,0.0,25.0,,,mitigated_full
213,bull,10340,96.0,0.0,0.0,0.0,96.0,,96.0,retired
214,bull,10349,96.0,0.0,0.0,0.0,96.0,,96.0,retired
215,bull,10404,31.0,0.0,0.0,0.0,31.0,31.0,,invalidated
216,bull,10668,1.0,0.0,6.0,0.0,7.0,,,mitigated_full
217,bull,10698,16.0,0.0,2.0,0.0,18.0,,,mitigated_full
218,bear,10891,64.0,0.0,32.0,0.0,96.0,,96.0,retired
219,bull,10949,13.0,0.0,16.0,0.0,29.0,,,mitigated_full
220,bull,11044,35.0,0.0,0.0,0.0,35.0,,,mitigated_full
221,bull,11053,26.0,0.0,0.0,0.0,26.0,26.0,,invalidated
222,bull,11061,1.0,0.0,6.0,0.0,7.0,7.0,,invalidated
223,bear,11157,1.0,0.0,5.0,0.0,6.0,6.0,,invalidated
224,bear,11190,15.0,0.0,0.0,0.0,15.0,,,mitigated_full
225,bear,11226,96.0,0.0,0.0,0.0,96.0,,96.0,retired
226,bear,11283,96.0,0.0,0.0,0.0,96.0,,96.0,retired
227,bear,11287,96.0,0.0,0.0,0.0,96.0,,96.0,retired
228,bear,11298,2.0,0.0,0.0,0.0,2.0,2.0,,invalidated
229,bear,11419,18.0,0.0,0.0,0.0,18.0,18.0,,invalidated
230,bull,11536,41.0,0.0,0.0,0.0,41.0,41.0,,invalidated
231,bull,11562,4.0,0.0,0.0,0.0,4.0,,,mitigated_full
232,bear,11580,1.0,0.0,1.0,0.0,2.0,,,mitigated_full
233,bull,11661,2.0,0.0,13.0,0.0,15.0,,,mitigated_full
234,bear,11738,1.0,0.0,2.0,0.0,3.0,,,mitigated_full
235,bull,11750,17.0,0.0,0.0,0.0,17.0,17.0,,invalidated
236,bull,11813,33.0,0.0,6.0,0.0,39.0,39.0,,invalidated
237,bear,11852,66.0,0.0,6.0,0.0,72.0,,,mitigated_full
238,bull,11888,16.0,0.0,80.0,0.0,96.0,,96.0,retired
239,bear,12057,2.0,0.0,1.0,0.0,3.0,,,mitigated_full
240,bull,12121,1.0,0.0,0.0,0.0,1.0,,,mitigated_full
241,bull,12144,5.0,0.0,1.0,0.0,6.0,6.0,,invalidated
242,bull,12181,30.0,0.0,0.0,0.0,30.0,30.0,,invalidated
243,bull,12260,48.0,0.0,0.0,0.0,48.0,48.0,,invalidated
244,bull,12283,1.0,0.0,0.0,0.0,1.0,1.0,,invalidated
245,bear,12308,96.0,0.0,0.0,0.0,96.0,,96.0,retired
246,bear,12354,9.0,0.0,13.0,0.0,22.0,,,mitigated_full
247,bull,12454,2.0,0.0,1.0,0.0,3.0,3.0,,invalidated
248,bull,12558,1.0,0.0,2.0,0.0,3.0,,,mitigated_full
249,bull,12576,1.0,0.0,5.0,0.0,6.0,,,mitigated_full
250,bull,12631,96.0,0.0,0.0,0.0,96.0,,96.0,retired
251,bull,12637,96.0,0.0,0.0,0.0,96.0,,96.0,retired
252,bull,12643,5.0,0.0,0.0,0.0,5.0,,,mitigated_full
253,bull,12754,8.0,0.0,0.0,0.0,8.0,,,mitigated_full
254,bear,12783,96.0,0.0,0.0,0.0,96.0,,96.0,retired
255,bull,12895,54.0,0.0,1.0,0.0,55.0,,,mitigated_full
256,bull,12922,9.0,0.0,0.0,0.0,9.0,,,mitigated_full
257,bear,13034,38.0,0.0,2.0,0.0,40.0,40.0,,invalidated
258,bear,13039,8.0,0.0,1.0,0.0,9.0,,,mitigated_full
259,bull,13081,6.0,0.0,0.0,0.0,6.0,6.0,,invalidated
260,bear,13112,10.0,0.0,1.0,0.0,11.0,11.0,,invalidated
261,bull,13184,19.0,0.0,33.0,0.0,52.0,52.0,,invalidated
262,bear,13244,9.0,0.0,87.0,0.0,96.0,,96.0,retired
263,bull,13374,9.0,0.0,1.0,0.0,10.0,,,mitigated_full
264,bear,13448,96.0,0.0,0.0,0.0,96.0,,96.0,retired
265,bear,13506,2.0,0.0,20.0,0.0,22.0,,,mitigated_full
266,bear,13609,29.0,0.0,8.0,0.0,37.0,37.0,,invalidated
267,bear,13616,5.0,0.0,6.0,0.0,11.0,11.0,,invalidated
268,bear,13626,1.0,0.0,0.0,0.0,1.0,1.0,,invalidated
269,bull,13637,56.0,0.0,0.0,0.0,56.0,,,mitigated_full
270,bear,13673,96.0,0.0,0.0,0.0,96.0,,96.0,retired
271,bear,13727,2.0,0.0,0.0,0.0,2.0,2.0,,invalidated
272,bear,13740,1.0,0.0,0.0,0.0,1.0,1.0,,invalidated
273,bull,13814,96.0,0.0,0.0,0.0,96.0,,96.0,retired
274,bear,13850,47.0,0.0,2.0,0.0,49.0,49.0,,invalidated
275,bull,13912,2.0,0.0,2.0,0.0,4.0,4.0,,invalidated
276,bull,14032,6.0,0.0,2.0,0.0,8.0,,,mitigated_full
277,bull,14074,1.0,0.0,90.0,0.0,91.0,91.0,,invalidated
278,bear,14219,1.0,0.0,0.0,0.0,1.0,,,mitigated_full
279,bull,14315,96.0,0.0,0.0,0.0,96.0,,96.0,retired
280,bull,14334,96.0,0.0,0.0,0.0,96.0,,96.0,retired
281,bull,14419,18.0,0.0,40.0,0.0,58.0,58.0,,invalidated
282,bull,14454,6.0,0.0,1.0,0.0,7.0,7.0,,invalidated
283,bull,14533,65.0,0.0,0.0,0.0,65.0,65.0,,invalidated
284,bull,14539,1.0,0.0,10.0,0.0,11.0,11.0,,invalidated
285,bear,14593,96.0,0.0,0.0,0.0,96.0,,96.0,retired
286,bear,14604,7.0,0.0,17.0,0.0,24.0,,,mitigated_full
287,bear,14713,5.0,0.0,12.0,0.0,17.0,,,mitigated_full
288,bear,14721,3.0,0.0,3.0,0.0,6.0,,,mitigated_full
289,bear,14742,96.0,0.0,0.0,0.0,96.0,,,mitigated_full
290,bear,14773,23.0,0.0,1.0,0.0,24.0,,,mitigated_full
291,bear,14777,14.0,0.0,0.0,0.0,14.0,14.0,,invalidated
292,bull,14796,14.0,0.0,4.0,0.0,18.0,,,mitigated_full
293,bull,14831,96.0,0.0,0.0,0.0,96.0,,96.0,retired
294,bear,14888,1.0,0.0,6.0,0.0,7.0,,,mitigated_full
295,bear,14904,12.0,0.0,84.0,0.0,96.0,,96.0,retired
296,bear,14959,5.0,0.0,79.0,0.0,84.0,84.0,,invalidated
297,bear,14965,5.0,0.0,73.0,0.0,78.0,78.0,,invalidated
298,bear,14976,1.0,0.0,41.0,0.0,42.0,42.0,,invalidated
299,bear,14990,27.0,0.0,1.0,0.0,28.0,28.0,,invalidated
300,bear,14995,5.0,0.0,11.0,0.0,16.0,,,mitigated_full
301,bull,15018,96.0,0.0,0.0,0.0,96.0,,96.0,retired
302,bull,15043,32.0,0.0,27.0,0.0,59.0,59.0,,invalidated
303,bear,15071,61.0,0.0,6.0,0.0,67.0,67.0,,invalidated
304,bear,15079,8.0,0.0,4.0,0.0,12.0,,,mitigated_full
305,bear,15175,5.0,0.0,0.0,0.0,5.0,,,mitigated_full
306,bear,15181,46.0,0.0,1.0,0.0,47.0,,,mitigated_full
307,bull,15218,96.0,0.0,0.0,0.0,96.0,,96.0,retired
308,bull,15227,96.0,0.0,0.0,0.0,96.0,,96.0,retired
309,bull,15239,96.0,0.0,0.0,0.0,96.0,,96.0,retired
310,bull,15265,86.0,0.0,3.0,0.0,89.0,,,mitigated_full
311,bear,15350,6.0,0.0,17.0,0.0,23.0,,,mitigated_full
312,bear,15361,12.0,0.0,0.0,0.0,12.0,12.0,,invalidated
313,bull,15385,12.0,0.0,84.0,0.0,96.0,,96.0,retired
314,bull,15390,1.0,0.0,0.0,0.0,1.0,1.0,,invalidated
315,bear,15613,2.0,0.0,0.0,0.0,2.0,,,mitigated_full
316,bear,15634,1.0,0.0,13.0,0.0,14.0,,,mitigated_full
317,bull,15690,1.0,0.0,0.0,0.0,1.0,,,mitigated_full
318,bull,15696,2.0,0.0,0.0,0.0,2.0,,,mitigated_full
319,bear,15750,29.0,0.0,1.0,0.0,30.0,30.0,,invalidated
320,bull,15771,4.0,0.0,92.0,0.0,96.0,,96.0,retired
321,bull,15779,17.0,0.0,79.0,0.0,96.0,,96.0,retired
322,bull,15827,1.0,0.0,95.0,0.0,96.0,,96.0,retired
323,bull,15834,96.0,0.0,0.0,0.0,96.0,,96.0,retired
324,bull,15846,96.0,0.0,0.0,0.0,96.0,,96.0,retired
325,bull,15962,5.0,0.0,91.0,0.0,96.0,,96.0,retired
326,bull,15984,7.0,0.0,0.0,0.0,7.0,,,mitigated_full
327,bull,15999,6.0,0.0,5.0,0.0,11.0,,,mitigated_full
328,bull,16118,96.0,0.0,0.0,0.0,96.0,,96.0,retired
329,bull,16142,32.0,0.0,3.0,0.0,35.0,,,mitigated_full
330,bull,16153,20.0,0.0,0.0,0.0,20.0,,,mitigated_full
331,bear,16172,96.0,0.0,0.0,0.0,96.0,,96.0,retired
332,bull,16350,96.0,0.0,0.0,0.0,96.0,,96.0,retired
333,bull,16363,7.0,0.0,0.0,0.0,7.0,7.0,,invalidated
334,bear,16419,62.0,0.0,2.0,0.0,64.0,,,mitigated_full
335,bear,16429,3.0,0.0,2.0,0.0,5.0,5.0,,invalidated
336,bull,16481,3.0,0.0,0.0,0.0,3.0,3.0,,invalidated
337,bear,16615,4.0,0.0,7.0,0.0,11.0,11.0,,invalidated
338,bull,16706,24.0,0.0,1.0,0.0,25.0,,,mitigated_full
339,bear,16729,6.0,0.0,0.0,0.0,6.0,6.0,,invalidated
340,bull,16810,82.0,0.0,0.0,0.0,82.0,82.0,,invalidated
341,bull,16826,6.0,0.0,0.0,0.0,6.0,,,mitigated_full
342,bull,16852,16.0,0.0,0.0,0.0,16.0,16.0,,invalidated
343,bull,16856,12.0,0.0,0.0,0.0,12.0,12.0,,invalidated
344,bear,16883,1.0,0.0,2.0,0.0,3.0,,,mitigated_full
345,bear,16914,29.0,0.0,2.0,0.0,31.0,31.0,,invalidated
346,bear,16923,17.0,0.0,1.0,0.0,18.0,,,mitigated_full
347,bull,16940,96.0,0.0,0.0,0.0,96.0,,96.0,retired
348,bull,16949,1.0,0.0,1.0,0.0,2.0,,,mitigated_full
349,bull,16952,19.0,0.0,0.0,0.0,19.0,,,mitigated_full
350,bull,17042,6.0,0.0,0.0,0.0,6.0,,,mitigated_full
351,bear,17074,51.0,0.0,0.0,0.0,51.0,,,mitigated_full
352,bull,17185,9.0,0.0,0.0,0.0,9.0,,,mitigated_full
353,bull,17203,96.0,0.0,0.0,0.0,96.0,,96.0,retired
354,bull,17218,6.0,0.0,1.0,0.0,7.0,,,mitigated_full
355,bull,17251,1.0,0.0,2.0,0.0,3.0,3.0,,invalidated
356,bull,17257,96.0,0.0,0.0,0.0,96.0,,96.0,retired
357,bull,17263,96.0,0.0,0.0,0.0,96.0,,96.0,retired
358,bull,17285,84.0,0.0,0.0,0.0,84.0,,,mitigated_full
359,bull,17448,1.0,0.0,0.0,0.0,1.0,,,mitigated_full
360,bull,17452,4.0,0.0,0.0,0.0,4.0,,,mitigated_full
361,bull,17579,12.0,0.0,2.0,0.0,14.0,,,mitigated_full
362,bear,17684,9.0,0.0,15.0,0.0,24.0,24.0,,invalidated
363,bull,17717,2.0,0.0,0.0,0.0,2.0,2.0,,invalidated
364,bull,17727,10.0,0.0,1.0,0.0,11.0,,,mitigated_full
365,bull,17761,96.0,0.0,0.0,0.0,96.0,,96.0,retired
366,bull,17779,1.0,0.0,1.0,0.0,2.0,2.0,,invalidated
367,bull,17813,9.0,0.0,4.0,0.0,13.0,,,mitigated_full
368,bear,17844,2.0,0.0,0.0,0.0,2.0,,,mitigated_full
369,bull,17898,1.0,0.0,1.0,0.0,2.0,2.0,,invalidated
370,bull,17977,7.0,0.0,0.0,0.0,7.0,,,mitigated_full
371,bear,18015,10.0,0.0,0.0,0.0,10.0,10.0,,invalidated
372,bull,18129,2.0,0.0,94.0,0.0,96.0,,96.0,retired
373,bull,18134,96.0,0.0,0.0,0.0,96.0,,96.0,retired
374,bull,18145,96.0,0.0,0.0,0.0,96.0,,96.0,retired
375,bull,18154,2.0,0.0,0.0,0.0,2.0,,,mitigated_full
376,bull,18158,96.0,0.0,0.0,0.0,96.0,,96.0,retired
377,bull,18163,4.0,0.0,0.0,0.0,4.0,,,mitigated_full
378,bull,18175,96.0,0.0,0.0,0.0,96.0,,96.0,retired
379,bull,18180,96.0,0.0,0.0,0.0,96.0,,96.0,retired
380,bull,18269,96.0,0.0,0.0,0.0,96.0,,96.0,retired
381,bull,18282,1.0,0.0,2.0,0.0,3.0,,,mitigated_full
382,bull,18340,28.0,0.0,0.0,0.0,28.0,28.0,,invalidated
383,bear,18395,7.0,0.0,0.0,0.0,7.0,7.0,,invalidated
384,bull,18450,36.0,0.0,60.0,0.0,96.0,,96.0,retired
385,bull,18465,11.0,0.0,0.0,0.0,11.0,11.0,,invalidated
386,bear,18504,1.0,0.0,2.0,0.0,3.0,,,mitigated_full
387,bull,18533,2.0,0.0,0.0,0.0,2.0,,,mitigated_full
388,bull,18536,1.0,0.0,95.0,0.0,96.0,,96.0,retired
389,bull,18586,96.0,0.0,0.0,0.0,96.0,,96.0,retired
390,bull,18629,27.0,0.0,0.0,0.0,27.0,27.0,,invalidated
391,bull,18758,36.0,0.0,0.0,0.0,36.0,,,mitigated_full
392,bull,18766,26.0,0.0,2.0,0.0,28.0,28.0,,invalidated
393,bull,18783,5.0,0.0,0.0,0.0,5.0,,,mitigated_full
394,bear,18819,1.0,0.0,3.0,0.0,4.0,4.0,,invalidated
395,bear,18975,96.0,0.0,0.0,0.0,96.0,,96.0,retired
396,bear,18997,76.0,0.0,18.0,0.0,94.0,,,mitigated_partial
397,bear,19006,42.0,0.0,3.0,0.0,45.0,,,mitigated_full
398,bull,19047,10.0,0.0,34.0,0.0,44.0,,,mitigated_partial
