range_id,doctrine,mean_edge_mismatch_atr,inside_frac,chart_faithfulness_score,source_coherence_score,visual_plausibility_score,refresh_count
1,frozen,1.660874999999976,0.75,0.0,1.0,0.5833333333333334,0.0
1,fixed_horizon_recompute,0.492999999999995,1.0,0.6713333333333367,0.0,0.5571111111111122,1.0
1,bounded_continuity_refresh,0.492999999999995,1.0,0.6713333333333367,0.0,0.5571111111111122,1.0
2,frozen,0.32175000000000864,0.5,0.7854999999999942,1.0,0.7618333333333314,0.0
2,fixed_horizon_recompute,0.32175000000000864,0.5,0.7854999999999942,1.0,0.7618333333333314,0.0
2,bounded_continuity_refresh,0.32175000000000864,0.5,0.7854999999999942,1.0,0.7618333333333314,0.0
5,frozen,1.544999999999997,0.6666666666666666,0.0,1.0,0.5555555555555555,0.0
5,fixed_horizon_recompute,1.544999999999997,0.6666666666666666,0.0,1.0,0.5555555555555555,0.0
5,bounded_continuity_refresh,1.544999999999997,0.6666666666666666,0.0,1.0,0.5555555555555555,0.0
6,frozen,0.4404166666666735,0.8333333333333334,0.7063888888888843,1.0,0.8465740740740726,0.0
6,fixed_horizon_recompute,0.24858333333332894,0.8333333333333334,0.8342777777777807,0.8791999999999917,0.8489370370370352,1.0
6,bounded_continuity_refresh,0.24858333333332894,0.8333333333333334,0.8342777777777807,0.8791999999999917,0.8489370370370352,1.0
8,frozen,1.1069999999999935,0.8,0.26200000000000434,1.0,0.6873333333333349,0.0
8,fixed_horizon_recompute,1.1069999999999935,0.8,0.26200000000000434,0.9278750000000002,0.6632916666666683,1.0
8,bounded_continuity_refresh,1.1069999999999935,0.8,0.26200000000000434,0.9278750000000002,0.6632916666666683,1.0
9,frozen,6.842937499999958,0.9583333333333334,0.0,1.0,0.6527777777777778,0.0
9,fixed_horizon_recompute,0.5790416666666639,1.0,0.6139722222222241,0.1918478260869575,0.6019400161030606,6.0
9,bounded_continuity_refresh,2.13375000000003,1.0,0.0,0.4842826086956581,0.4947608695652194,3.0
11,frozen,2.0737857142857075,0.8571428571428571,0.0,1.0,0.6190476190476191,0.0
11,fixed_horizon_recompute,0.4378571428571344,1.0,0.7080952380952437,0.4326666666666673,0.7135873015873037,2.0
11,bounded_continuity_refresh,0.4378571428571344,1.0,0.7080952380952437,0.4326666666666673,0.7135873015873037,2.0
12,frozen,3.7956666666666856,0.6666666666666666,0.0,1.0,0.5555555555555555,0.0
12,fixed_horizon_recompute,3.7956666666666856,0.6666666666666666,0.0,1.0,0.5555555555555555,0.0
12,bounded_continuity_refresh,3.7956666666666856,0.6666666666666666,0.0,1.0,0.5555555555555555,0.0
13,frozen,3.001499999999993,0.75,0.0,1.0,0.5833333333333334,0.0
13,fixed_horizon_recompute,0.6055000000000064,1.0,0.5963333333333292,0.0,0.5321111111111098,1.0
13,bounded_continuity_refresh,3.001499999999993,0.75,0.0,1.0,0.5833333333333334,0.0
14,frozen,3.3834285714285346,0.8571428571428571,0.0,1.0,0.6190476190476191,0.0
14,fixed_horizon_recompute,0.8051428571428525,1.0,0.46323809523809834,0.24800000000000944,0.5704126984127026,1.0
14,bounded_continuity_refresh,3.3834285714285346,0.8571428571428571,0.0,1.0,0.6190476190476191,0.0
15,frozen,2.310666666666672,0.3333333333333333,0.0,1.0,0.4444444444444444,0.0
15,fixed_horizon_recompute,2.310666666666672,0.3333333333333333,0.0,1.0,0.4444444444444444,0.0
15,bounded_continuity_refresh,2.310666666666672,0.3333333333333333,0.0,1.0,0.4444444444444444,0.0
16,frozen,1.2929999999999577,0.8571428571428571,0.1380000000000282,1.0,0.6650476190476285,0.0
16,fixed_horizon_recompute,0.5758571428571356,0.8571428571428571,0.6160952380952429,0.0,0.4910793650793666,2.0
16,bounded_continuity_refresh,1.2281428571428543,0.7142857142857143,0.18123809523809709,0.743500000000002,0.5463412698412712,1.0
17,frozen,0.6539285714285532,0.8571428571428571,0.5640476190476311,1.0,0.807063492063496,0.0
17,fixed_horizon_recompute,0.020214285714278697,1.0,0.9865238095238142,0.2842500000000049,0.7569246031746064,2.0
17,bounded_continuity_refresh,0.6134999999999958,0.8571428571428571,0.5910000000000029,0.9764166666666748,0.8081865079365116,1.0
19,frozen,1.4214999999999993,0.6666666666666666,0.05233333333333379,1.0,0.5730000000000001,0.0
19,fixed_horizon_recompute,1.4214999999999993,0.6666666666666666,0.05233333333333379,1.0,0.5730000000000001,0.0
19,bounded_continuity_refresh,1.4214999999999993,0.6666666666666666,0.05233333333333379,1.0,0.5730000000000001,0.0
20,frozen,1.4588333333333214,1.0,0.027444444444452376,1.0,0.6758148148148174,0.0
20,fixed_horizon_recompute,1.4588333333333214,1.0,0.027444444444452376,1.0,0.6758148148148174,0.0
20,bounded_continuity_refresh,1.4588333333333214,1.0,0.027444444444452376,1.0,0.6758148148148174,0.0
21,frozen,1.789999999999989,1.0,0.0,1.0,0.6666666666666666,0.0
21,fixed_horizon_recompute,1.0209444444444291,0.8888888888888888,0.31937037037038063,0.6042500000000075,0.6041697530864257,2.0
21,bounded_continuity_refresh,1.0209444444444291,0.8888888888888888,0.31937037037038063,0.6042500000000075,0.6041697530864257,2.0
23,frozen,1.6010999999999966,0.6,0.0,1.0,0.5333333333333333,0.0
23,fixed_horizon_recompute,0.343100000000004,1.0,0.771266666666664,0.21375000000000455,0.6616722222222228,1.0
23,bounded_continuity_refresh,0.343100000000004,1.0,0.771266666666664,0.21375000000000455,0.6616722222222228,1.0
24,frozen,1.1477499999999736,0.5,0.23483333333335088,1.0,0.5782777777777836,0.0
24,fixed_horizon_recompute,1.1477499999999736,0.5,0.23483333333335088,1.0,0.5782777777777836,0.0
24,bounded_continuity_refresh,1.1477499999999736,0.5,0.23483333333335088,1.0,0.5782777777777836,0.0
25,frozen,0.846083333333335,1.0,0.43594444444444336,1.0,0.8119814814814811,0.0
25,fixed_horizon_recompute,0.2168333333333218,1.0,0.8554444444444521,0.7482999999999947,0.8679148148148156,1.0
25,bounded_continuity_refresh,0.2168333333333218,1.0,0.8554444444444521,0.7482999999999947,0.8679148148148156,1.0
26,frozen,1.282423076923036,0.9230769230769231,0.14505128205130935,1.0,0.6893760683760775,0.0
26,fixed_horizon_recompute,0.10438461538462189,1.0,0.9304102564102521,0.5984166666666699,0.8429423076923074,3.0
26,bounded_continuity_refresh,0.34034615384616,0.9230769230769231,0.77310256410256,0.8540416666666696,0.8500737179487174,2.0
27,frozen,0.6720000000000255,0.5,0.551999999999983,1.0,0.6839999999999943,0.0
27,fixed_horizon_recompute,0.6720000000000255,0.5,0.551999999999983,1.0,0.6839999999999943,0.0
27,bounded_continuity_refresh,0.6720000000000255,0.5,0.551999999999983,1.0,0.6839999999999943,0.0
29,frozen,1.4606250000000216,0.75,0.026249999999985563,1.0,0.5920833333333285,0.0
29,fixed_horizon_recompute,0.0,1.0,1.0,0.0,0.6666666666666666,1.0
29,bounded_continuity_refresh,1.4606250000000216,0.75,0.026249999999985563,1.0,0.5920833333333285,0.0
30,frozen,2.7152142857142314,0.8571428571428571,0.0,1.0,0.6190476190476191,0.0
30,fixed_horizon_recompute,0.6219999999999735,1.0,0.585333333333351,0.0,0.5284444444444504,2.0
30,bounded_continuity_refresh,1.3542142857142576,0.8571428571428571,0.09719047619049492,0.5527500000000032,0.5023611111111185,1.0
31,frozen,1.056250000000034,0.5,0.29583333333331063,1.0,0.5986111111111035,0.0
31,fixed_horizon_recompute,0.12787500000001728,0.75,0.9147499999999885,0.0,0.5549166666666628,1.0
31,bounded_continuity_refresh,1.056250000000034,0.5,0.29583333333331063,1.0,0.5986111111111035,0.0
32,frozen,1.8559999999999945,0.6666666666666666,0.0,1.0,0.5555555555555555,0.0
32,fixed_horizon_recompute,1.8559999999999945,0.6666666666666666,0.0,1.0,0.5555555555555555,0.0
32,bounded_continuity_refresh,1.8559999999999945,0.6666666666666666,0.0,1.0,0.5555555555555555,0.0
33,frozen,0.7825000000000273,0.75,0.4783333333333152,1.0,0.7427777777777718,0.0
33,fixed_horizon_recompute,0.18300000000002115,1.0,0.8779999999999859,0.20066666666665844,0.6928888888888814,1.0
33,bounded_continuity_refresh,0.18300000000002115,1.0,0.8779999999999859,0.20066666666665844,0.6928888888888814,1.0
35,frozen,0.8126666666666628,0.6666666666666666,0.45822222222222486,1.0,0.7082962962962971,0.0
35,fixed_horizon_recompute,0.8126666666666628,0.6666666666666666,0.45822222222222486,1.0,0.7082962962962971,0.0
35,bounded_continuity_refresh,0.8126666666666628,0.6666666666666666,0.45822222222222486,1.0,0.7082962962962971,0.0
37,frozen,2.3917352941176793,0.8823529411764706,0.0,1.0,0.6274509803921569,0.0
37,fixed_horizon_recompute,0.22797058823529343,0.9411764705882353,0.8480196078431377,0.7673750000000013,0.8521903594771247,2.0
37,bounded_continuity_refresh,2.3917352941176793,0.8823529411764706,0.0,1.0,0.6274509803921569,0.0
38,frozen,1.298425000000003,0.9,0.1343833333333313,1.0,0.6781277777777771,0.0
38,fixed_horizon_recompute,0.19014999999999987,0.95,0.8732333333333334,0.7492368421052633,0.8574900584795323,4.0
38,bounded_continuity_refresh,0.19014999999999987,0.95,0.8732333333333334,0.7492368421052633,0.8574900584795323,4.0
39,frozen,2.1066999999999325,0.8,0.0,1.0,0.6,0.0
39,fixed_horizon_recompute,1.0706999999999653,0.8,0.2862000000000231,0.035625000000038654,0.37394166666668727,1.0
39,bounded_continuity_refresh,1.0706999999999653,0.8,0.2862000000000231,0.035625000000038654,0.37394166666668727,1.0
41,frozen,0.3082499999999868,1.0,0.7945000000000088,1.0,0.9315000000000029,0.0
41,fixed_horizon_recompute,0.3082499999999868,1.0,0.7945000000000088,1.0,0.9315000000000029,0.0
41,bounded_continuity_refresh,0.3082499999999868,1.0,0.7945000000000088,1.0,0.9315000000000029,0.0
42,frozen,1.1486250000000098,0.75,0.23424999999999352,1.0,0.6614166666666645,0.0
42,fixed_horizon_recompute,0.1063750000000141,1.0,0.9290833333333239,0.0,0.6430277777777746,1.0
42,bounded_continuity_refresh,1.1486250000000098,0.75,0.23424999999999352,1.0,0.6614166666666645,0.0
44,frozen,1.9065000000000225,0.75,0.0,1.0,0.5833333333333334,0.0
44,fixed_horizon_recompute,0.2720000000000198,1.0,0.8186666666666534,0.0,0.6062222222222178,1.0
44,bounded_continuity_refresh,1.9065000000000225,0.75,0.0,1.0,0.5833333333333334,0.0
45,frozen,2.269599999999946,0.8,0.0,1.0,0.6,0.0
45,fixed_horizon_recompute,2.096599999999944,0.8,0.0,0.5628750000000196,0.4542916666666732,1.0
45,bounded_continuity_refresh,2.096599999999944,0.8,0.0,0.5628750000000196,0.4542916666666732,1.0
46,frozen,1.1508750000000276,0.75,0.23274999999998158,1.0,0.6609166666666605,0.0
46,fixed_horizon_recompute,0.7862500000000097,0.875,0.4758333333333269,0.7463571428571316,0.6990634920634862,2.0
46,bounded_continuity_refresh,0.7862500000000097,0.875,0.4758333333333269,0.7463571428571316,0.6990634920634862,2.0
47,frozen,0.9773333333333388,0.6666666666666666,0.3484444444444408,1.0,0.6717037037037025,0.0
47,fixed_horizon_recompute,0.2443333333333347,1.0,0.8371111111111103,0.7067999999999983,0.8479703703703695,1.0
47,bounded_continuity_refresh,0.2443333333333347,1.0,0.8371111111111103,0.7067999999999983,0.8479703703703695,1.0
48,frozen,2.407166666666702,0.6666666666666666,0.0,1.0,0.5555555555555555,0.0
48,fixed_horizon_recompute,2.407166666666702,0.6666666666666666,0.0,1.0,0.5555555555555555,0.0
48,bounded_continuity_refresh,2.407166666666702,0.6666666666666666,0.0,1.0,0.5555555555555555,0.0
49,frozen,1.5538750000000192,0.875,0.0,1.0,0.625,0.0
49,fixed_horizon_recompute,0.017812500000005116,1.0,0.9881249999999966,0.5269285714285681,0.8383511904761883,2.0
49,bounded_continuity_refresh,0.37356250000000557,0.875,0.7509583333333296,0.7302142857142826,0.7853908730158707,1.0
50,frozen,0.5587500000000034,0.75,0.6274999999999977,1.0,0.7924999999999992,0.0
50,fixed_horizon_recompute,0.08424999999999727,1.0,0.9438333333333352,0.3673333333333252,0.7703888888888869,1.0
50,bounded_continuity_refresh,0.08424999999999727,1.0,0.9438333333333352,0.3673333333333252,0.7703888888888869,1.0
51,frozen,3.9522307692307184,0.9230769230769231,0.0,1.0,0.6410256410256411,0.0
51,fixed_horizon_recompute,1.0314230769230859,0.9230769230769231,0.3123846153846094,0.21579166666667027,0.4837510683760676,4.0
51,bounded_continuity_refresh,1.9830000000000085,0.9230769230769231,0.0,0.47741666666667015,0.46683119658119776,2.0
52,frozen,1.4547499999999332,0.75,0.030166666666711195,1.0,0.5933888888889037,0.0
52,fixed_horizon_recompute,0.5783749999999657,1.0,0.6144166666666895,0.0,0.5381388888888965,1.0
52,bounded_continuity_refresh,1.4547499999999332,0.75,0.030166666666711195,1.0,0.5933888888889037,0.0
53,frozen,1.2948749999999905,0.75,0.13675000000000637,1.0,0.6289166666666688,0.0
53,fixed_horizon_recompute,0.4894999999999925,1.0,0.6736666666666717,0.0,0.5578888888888905,1.0
53,bounded_continuity_refresh,1.2948749999999905,0.75,0.13675000000000637,1.0,0.6289166666666688,0.0
54,frozen,1.037499999999966,0.75,0.3083333333333561,1.0,0.6861111111111188,0.0
54,fixed_horizon_recompute,0.260249999999985,1.0,0.82650000000001,0.0,0.6088333333333367,1.0
54,bounded_continuity_refresh,1.037499999999966,0.75,0.3083333333333561,1.0,0.6861111111111188,0.0
56,frozen,0.6612499999999812,1.0,0.5591666666666792,1.0,0.8530555555555598,0.0
56,fixed_horizon_recompute,0.09937499999998067,1.0,0.9337500000000128,0.8715714285714284,0.935107142857147,1.0
56,bounded_continuity_refresh,0.09937499999998067,1.0,0.9337500000000128,0.8715714285714284,0.935107142857147,1.0
57,frozen,2.9507500000000846,0.5,0.0,1.0,0.5,0.0
57,fixed_horizon_recompute,2.9507500000000846,0.5,0.0,1.0,0.5,0.0
57,bounded_continuity_refresh,2.9507500000000846,0.5,0.0,1.0,0.5,0.0
59,frozen,0.4560000000000741,0.8333333333333334,0.6959999999999507,1.0,0.8431111111110946,0.0
59,fixed_horizon_recompute,0.3590000000000373,0.8333333333333334,0.7606666666666418,0.9611999999999853,0.8517333333333202,1.0
59,bounded_continuity_refresh,0.3590000000000373,0.8333333333333334,0.7606666666666418,0.9611999999999853,0.8517333333333202,1.0
60,frozen,0.5622500000000059,0.75,0.6251666666666627,1.0,0.7917222222222208,0.0
60,fixed_horizon_recompute,0.0,1.0,1.0,0.2503333333333254,0.7501111111111084,1.0
60,bounded_continuity_refresh,0.0,1.0,1.0,0.2503333333333254,0.7501111111111084,1.0
61,frozen,0.6902499999999918,1.0,0.5398333333333387,1.0,0.8466111111111129,0.0
61,fixed_horizon_recompute,0.6902499999999918,1.0,0.5398333333333387,1.0,0.8466111111111129,0.0
61,bounded_continuity_refresh,0.6902499999999918,1.0,0.5398333333333387,1.0,0.8466111111111129,0.0
63,frozen,1.9239333333333282,0.9333333333333333,0.0,1.0,0.6444444444444445,0.0
63,fixed_horizon_recompute,0.3562666666666549,1.0,0.7624888888888968,0.8062857142857232,0.8562582010582066,3.0
63,bounded_continuity_refresh,0.3562666666666549,1.0,0.7624888888888968,0.8062857142857232,0.8562582010582066,3.0
64,frozen,0.7818749999999852,0.75,0.4787500000000099,1.0,0.74291666666667,0.0
64,fixed_horizon_recompute,0.17962499999998727,1.0,0.8802500000000085,0.19700000000000273,0.6924166666666705,1.0
64,bounded_continuity_refresh,0.7818749999999852,0.75,0.4787500000000099,1.0,0.74291666666667,0.0
65,frozen,2.0610999999999877,0.8,0.0,1.0,0.6,0.0
65,fixed_horizon_recompute,1.3504999999999654,0.8,0.09966666666668977,0.5558749999999861,0.4851805555555586,1.0
65,bounded_continuity_refresh,1.3504999999999654,0.8,0.09966666666668977,0.5558749999999861,0.4851805555555586,1.0
66,frozen,0.4125,0.6,0.7250000000000001,1.0,0.775,0.0
66,fixed_horizon_recompute,0.09989999999997963,1.0,0.9334000000000136,0.8046249999999873,0.9126750000000002,1.0
66,bounded_continuity_refresh,0.09989999999997963,1.0,0.9334000000000136,0.8046249999999873,0.9126750000000002,1.0
67,frozen,0.21649999999997363,0.8,0.8556666666666842,1.0,0.8852222222222282,0.0
67,fixed_horizon_recompute,0.09610000000000127,0.8,0.9359333333333325,0.9247500000000173,0.88689444444445,1.0
67,bounded_continuity_refresh,0.09610000000000127,0.8,0.9359333333333325,0.9247500000000173,0.88689444444445,1.0
69,frozen,1.5999999999999772,0.8,0.0,1.0,0.6,0.0
69,fixed_horizon_recompute,0.5393499999999903,0.9,0.6404333333333398,0.5320000000000011,0.6908111111111137,3.0
69,bounded_continuity_refresh,0.7964999999999918,0.8,0.4690000000000055,0.817722222222225,0.6955740740740769,2.0
70,frozen,1.9937499999999773,0.5,0.0,1.0,0.5,0.0
70,fixed_horizon_recompute,1.9937499999999773,0.5,0.0,1.0,0.5,0.0
70,bounded_continuity_refresh,1.9937499999999773,0.5,0.0,1.0,0.5,0.0
71,frozen,1.4153593750000013,0.96875,0.05642708333333246,1.0,0.6750590277777775,0.0
71,fixed_horizon_recompute,0.5806718750000002,0.875,0.6128854166666666,0.5319677419354834,0.6732843862007166,9.0
71,bounded_continuity_refresh,0.9618750000000027,0.9375,0.35874999999999824,0.764677419354829,0.686975806451609,6.0
72,frozen,1.1057812500000317,0.96875,0.2628124999999789,1.0,0.7438541666666597,0.0
72,fixed_horizon_recompute,0.20356250000000742,0.96875,0.8642916666666617,0.7468225806451594,0.8599547491039403,7.0
72,bounded_continuity_refresh,0.20356250000000742,0.96875,0.8642916666666617,0.7468225806451594,0.8599547491039403,7.0
73,frozen,0.9886666666666694,0.6666666666666666,0.34088888888888713,1.0,0.6691851851851846,0.0
73,fixed_horizon_recompute,0.9886666666666694,0.6666666666666666,0.34088888888888713,1.0,0.6691851851851846,0.0
73,bounded_continuity_refresh,0.9886666666666694,0.6666666666666666,0.34088888888888713,1.0,0.6691851851851846,0.0
74,frozen,1.0646249999999782,0.75,0.29025000000001455,1.0,0.6800833333333381,0.0
74,fixed_horizon_recompute,0.0,1.0,1.0,0.0,0.6666666666666666,1.0
74,bounded_continuity_refresh,1.0646249999999782,0.75,0.29025000000001455,1.0,0.6800833333333381,0.0
75,frozen,1.925642857142902,0.8571428571428571,0.0,1.0,0.6190476190476191,0.0
75,fixed_horizon_recompute,0.7352142857142862,0.7857142857142857,0.5098571428571426,0.5766923076923132,0.6240879120879138,4.0
75,bounded_continuity_refresh,1.9793928571428248,0.5,0.0,0.864076923076919,0.45469230769230634,2.0
76,frozen,0.8158333333332924,0.6666666666666666,0.45611111111113833,1.0,0.7075925925926017,0.0
76,fixed_horizon_recompute,0.8158333333332924,0.6666666666666666,0.45611111111113833,1.0,0.7075925925926017,0.0
76,bounded_continuity_refresh,0.8158333333332924,0.6666666666666666,0.45611111111113833,1.0,0.7075925925926017,0.0
78,frozen,0.14224999999999,0.8333333333333334,0.9051666666666733,1.0,0.9128333333333356,0.0
78,fixed_horizon_recompute,0.14224999999999,0.8333333333333334,0.9051666666666733,1.0,0.9128333333333356,0.0
78,bounded_continuity_refresh,0.14224999999999,0.8333333333333334,0.9051666666666733,1.0,0.9128333333333356,0.0
80,frozen,0.5966999999999985,1.0,0.602200000000001,1.0,0.8674000000000003,0.0
80,fixed_horizon_recompute,0.08050000000000637,1.0,0.946333333333329,0.8129444444444466,0.9197592592592585,3.0
80,bounded_continuity_refresh,0.08050000000000637,1.0,0.946333333333329,0.8129444444444466,0.9197592592592585,3.0
81,frozen,0.6782499999999914,0.5,0.5478333333333392,1.0,0.6826111111111132,0.0
81,fixed_horizon_recompute,0.6782499999999914,0.5,0.5478333333333392,1.0,0.6826111111111132,0.0
81,bounded_continuity_refresh,0.6782499999999914,0.5,0.5478333333333392,1.0,0.6826111111111132,0.0
83,frozen,0.3953823529412027,1.0,0.7364117647058648,1.0,0.912137254901955,0.0
83,fixed_horizon_recompute,0.04626470588235567,1.0,0.9691568627450963,0.9627499999999998,0.9773022875816987,3.0
83,bounded_continuity_refresh,0.04626470588235567,1.0,0.9691568627450963,0.9627499999999998,0.9773022875816987,3.0
85,frozen,0.5188333333333427,0.6666666666666666,0.6541111111111049,1.0,0.7735925925925905,0.0
85,fixed_horizon_recompute,0.5188333333333427,0.6666666666666666,0.6541111111111049,1.0,0.7735925925925905,0.0
85,bounded_continuity_refresh,0.5188333333333427,0.6666666666666666,0.6541111111111049,1.0,0.7735925925925905,0.0
86,frozen,0.5987142857142415,1.0,0.6008571428571723,1.0,0.8669523809523908,0.0
86,fixed_horizon_recompute,0.11557142857142415,1.0,0.9229523809523839,0.808083333333343,0.9103452380952423,2.0
86,bounded_continuity_refresh,0.11557142857142415,1.0,0.9229523809523839,0.808083333333343,0.9103452380952423,2.0
87,frozen,0.23544444444446022,0.8888888888888888,0.8430370370370265,1.0,0.9106419753086384,0.0
87,fixed_horizon_recompute,0.20444444444443535,0.8888888888888888,0.8637037037037097,0.9941874999999953,0.9155933641975312,1.0
87,bounded_continuity_refresh,0.20444444444443535,0.8888888888888888,0.8637037037037097,0.9941874999999953,0.9155933641975312,1.0
88,frozen,0.9073333333333267,0.6666666666666666,0.3951111111111155,1.0,0.6872592592592607,0.0
88,fixed_horizon_recompute,0.9073333333333267,0.6666666666666666,0.3951111111111155,1.0,0.6872592592592607,0.0
88,bounded_continuity_refresh,0.9073333333333267,0.6666666666666666,0.3951111111111155,1.0,0.6872592592592607,0.0
89,frozen,1.1554999999999893,0.75,0.2296666666666738,1.0,0.6598888888888913,0.0
89,fixed_horizon_recompute,0.0,1.0,1.0,0.0,0.6666666666666666,1.0
89,bounded_continuity_refresh,1.1554999999999893,0.75,0.2296666666666738,1.0,0.6598888888888913,0.0
90,frozen,1.72199999999998,0.5,0.0,1.0,0.5,0.0
90,fixed_horizon_recompute,1.72199999999998,0.5,0.0,1.0,0.5,0.0
90,bounded_continuity_refresh,1.72199999999998,0.5,0.0,1.0,0.5,0.0
91,frozen,2.776833333333343,0.6666666666666666,0.0,1.0,0.5555555555555555,0.0
91,fixed_horizon_recompute,2.776833333333343,0.6666666666666666,0.0,1.0,0.5555555555555555,0.0
91,bounded_continuity_refresh,2.776833333333343,0.6666666666666666,0.0,1.0,0.5555555555555555,0.0
92,frozen,0.16849999999999454,1.0,0.8876666666666703,1.0,0.9625555555555567,0.0
92,fixed_horizon_recompute,0.16849999999999454,1.0,0.8876666666666703,1.0,0.9625555555555567,0.0
92,bounded_continuity_refresh,0.16849999999999454,1.0,0.8876666666666703,1.0,0.9625555555555567,0.0
93,frozen,1.881249999999966,0.5,0.0,1.0,0.5,0.0
93,fixed_horizon_recompute,1.881249999999966,0.5,0.0,1.0,0.5,0.0
93,bounded_continuity_refresh,1.881249999999966,0.5,0.0,1.0,0.5,0.0
94,frozen,0.7359000000000151,0.8,0.5093999999999899,1.0,0.7697999999999966,0.0
94,fixed_horizon_recompute,0.6743000000000166,0.8,0.5504666666666556,0.9615000000000009,0.7706555555555522,1.0
94,bounded_continuity_refresh,0.6743000000000166,0.8,0.5504666666666556,0.9615000000000009,0.7706555555555522,1.0
95,frozen,1.723875000000021,0.75,0.0,1.0,0.5833333333333334,0.0
95,fixed_horizon_recompute,0.14825000000001864,1.0,0.9011666666666542,0.0,0.6337222222222181,1.0
95,bounded_continuity_refresh,1.723875000000021,0.75,0.0,1.0,0.5833333333333334,0.0
96,frozen,2.5852500000000305,0.5,0.0,1.0,0.5,0.0
96,fixed_horizon_recompute,2.5852500000000305,0.5,0.0,1.0,0.5,0.0
96,bounded_continuity_refresh,2.5852500000000305,0.5,0.0,1.0,0.5,0.0
97,frozen,1.0961000000000012,0.8,0.2692666666666659,1.0,0.6897555555555552,0.0
97,fixed_horizon_recompute,0.3602999999999838,0.8,0.7598000000000108,0.5401249999999891,0.6999749999999999,1.0
97,bounded_continuity_refresh,0.3602999999999838,0.8,0.7598000000000108,0.5401249999999891,0.6999749999999999,1.0
98,frozen,1.4770000000000323,0.5,0.015333333333311772,1.0,0.5051111111111038,0.0
98,fixed_horizon_recompute,1.4770000000000323,0.5,0.015333333333311772,1.0,0.5051111111111038,0.0
98,bounded_continuity_refresh,1.4770000000000323,0.5,0.015333333333311772,1.0,0.5051111111111038,0.0
99,frozen,1.8846875000000054,0.9375,0.0,1.0,0.6458333333333334,0.0
99,fixed_horizon_recompute,0.4089999999999989,0.9375,0.727333333333334,0.0,0.5549444444444447,5.0
99,bounded_continuity_refresh,1.1807812499999955,0.875,0.21281250000000307,0.6383000000000039,0.5753708333333356,4.0
101,frozen,1.4212222222222282,0.8888888888888888,0.05251851851851452,1.0,0.6471358024691344,0.0
101,fixed_horizon_recompute,1.260111111111112,0.8888888888888888,0.15992592592592525,0.941874999999996,0.6635632716049367,2.0
101,bounded_continuity_refresh,1.260111111111112,0.8888888888888888,0.15992592592592525,0.941874999999996,0.6635632716049367,2.0
102,frozen,0.9130000000000109,0.8333333333333334,0.3913333333333261,1.0,0.7415555555555532,0.0
102,fixed_horizon_recompute,0.5457499999999982,0.8333333333333334,0.6361666666666679,0.8530999999999949,0.7741999999999987,1.0
102,bounded_continuity_refresh,0.5457499999999982,0.8333333333333334,0.6361666666666679,0.8530999999999949,0.7741999999999987,1.0
103,frozen,1.8592499999999745,0.5,0.0,1.0,0.5,0.0
103,fixed_horizon_recompute,1.8592499999999745,0.5,0.0,1.0,0.5,0.0
103,bounded_continuity_refresh,1.8592499999999745,0.5,0.0,1.0,0.5,0.0
104,frozen,2.052514705882365,0.9705882352941176,0.0,1.0,0.6568627450980392,0.0
104,fixed_horizon_recompute,0.25617647058823634,1.0,0.8292156862745091,0.7272272727272704,0.8521476530005931,6.0
104,bounded_continuity_refresh,0.25617647058823634,1.0,0.8292156862745091,0.7272272727272704,0.8521476530005931,6.0
106,frozen,0.5982500000000073,0.75,0.6011666666666617,1.0,0.7837222222222205,0.0
106,fixed_horizon_recompute,0.23600000000001842,1.0,0.8426666666666544,0.5170000000000148,0.7865555555555565,1.0
106,bounded_continuity_refresh,0.23600000000001842,1.0,0.8426666666666544,0.5170000000000148,0.7865555555555565,1.0
107,frozen,0.5995000000000092,0.8888888888888888,0.6003333333333272,1.0,0.8297407407407387,0.0
107,fixed_horizon_recompute,0.42527777777776365,0.8888888888888888,0.7164814814814908,0.9304374999999965,0.8452692901234586,1.0
107,bounded_continuity_refresh,0.42527777777776365,0.8888888888888888,0.7164814814814908,0.9304374999999965,0.8452692901234586,1.0
108,frozen,0.5728333333333163,0.6666666666666666,0.6181111111111224,1.0,0.7615925925925963,0.0
108,fixed_horizon_recompute,0.5728333333333163,0.6666666666666666,0.6181111111111224,1.0,0.7615925925925963,0.0
108,bounded_continuity_refresh,0.5728333333333163,0.6666666666666666,0.6181111111111224,1.0,0.7615925925925963,0.0
109,frozen,1.2333333333333485,0.6666666666666666,0.1777777777777677,1.0,0.6148148148148115,0.0
109,fixed_horizon_recompute,1.2333333333333485,0.6666666666666666,0.1777777777777677,1.0,0.6148148148148115,0.0
109,bounded_continuity_refresh,1.2333333333333485,0.6666666666666666,0.1777777777777677,1.0,0.6148148148148115,0.0
110,frozen,1.30783333333333,0.6666666666666666,0.12811111111111328,1.0,0.5982592592592599,0.0
110,fixed_horizon_recompute,1.30783333333333,0.6666666666666666,0.12811111111111328,1.0,0.5982592592592599,0.0
110,bounded_continuity_refresh,1.30783333333333,0.6666666666666666,0.12811111111111328,1.0,0.5982592592592599,0.0
111,frozen,0.9724999999999966,0.75,0.3516666666666689,1.0,0.7005555555555563,0.0
111,fixed_horizon_recompute,0.4232499999999959,1.0,0.717833333333336,0.2676666666666657,0.6618333333333339,1.0
111,bounded_continuity_refresh,0.4232499999999959,1.0,0.717833333333336,0.2676666666666657,0.6618333333333339,1.0
112,frozen,0.46895454545452514,0.9090909090909091,0.6873636363636499,1.0,0.865484848484853,0.0
112,fixed_horizon_recompute,0.20345454545454025,0.9090909090909091,0.8643636363636398,0.9109000000000037,0.8947848484848508,2.0
112,bounded_continuity_refresh,0.20345454545454025,0.9090909090909091,0.8643636363636398,0.9109000000000037,0.8947848484848508,2.0
113,frozen,7.827374999999989,0.75,0.0,1.0,0.5833333333333334,0.0
113,fixed_horizon_recompute,1.1552499999999952,1.0,0.22983333333333655,0.0,0.40994444444444555,1.0
113,bounded_continuity_refresh,7.827374999999989,0.75,0.0,1.0,0.5833333333333334,0.0
114,frozen,2.2463333333333444,0.6666666666666666,0.0,1.0,0.5555555555555555,0.0
114,fixed_horizon_recompute,2.2463333333333444,0.6666666666666666,0.0,1.0,0.5555555555555555,0.0
114,bounded_continuity_refresh,2.2463333333333444,0.6666666666666666,0.0,1.0,0.5555555555555555,0.0
115,frozen,0.9002500000000566,0.75,0.3998333333332956,1.0,0.7166111111110985,0.0
115,fixed_horizon_recompute,0.1868750000000432,0.75,0.8754166666666379,0.04883333333331541,0.5580833333333177,1.0
115,bounded_continuity_refresh,0.1868750000000432,0.75,0.8754166666666379,0.04883333333331541,0.5580833333333177,1.0
116,frozen,3.0973333333333053,0.8333333333333334,0.0,1.0,0.6111111111111112,0.0
116,fixed_horizon_recompute,1.396000000000015,0.8333333333333334,0.06933333333332337,0.19280000000001107,0.3651555555555559,1.0
116,bounded_continuity_refresh,1.396000000000015,0.8333333333333334,0.06933333333332337,0.19280000000001107,0.3651555555555559,1.0
119,frozen,2.3199999999999994,0.8888888888888888,0.0,1.0,0.6296296296296297,0.0
119,fixed_horizon_recompute,0.8876666666666577,1.0,0.40822222222222815,0.7314374999999984,0.7132199074074088,1.0
119,bounded_continuity_refresh,0.8876666666666577,1.0,0.40822222222222815,0.7314374999999984,0.7132199074074088,1.0
121,frozen,1.237749999999977,0.75,0.1748333333333486,1.0,0.6416111111111161,0.0
121,fixed_horizon_recompute,0.0,1.0,1.0,0.0,0.6666666666666666,1.0
121,bounded_continuity_refresh,1.237749999999977,0.75,0.1748333333333486,1.0,0.6416111111111161,0.0
122,frozen,1.4285000000000423,0.5,0.047666666666638435,1.0,0.5158888888888794,0.0
122,fixed_horizon_recompute,1.4285000000000423,0.5,0.047666666666638435,1.0,0.5158888888888794,0.0
122,bounded_continuity_refresh,1.4285000000000423,0.5,0.047666666666638435,1.0,0.5158888888888794,0.0
123,frozen,4.432343750000005,0.9375,0.0,1.0,0.6458333333333334,0.0
123,fixed_horizon_recompute,0.8528124999999989,0.9375,0.43145833333333405,0.07411290322581054,0.48102374551971483,9.0
123,bounded_continuity_refresh,4.777984374999999,0.75,0.0,0.5581774193548419,0.4360591397849473,5.0
124,frozen,0.8020833333333144,0.6666666666666666,0.46527777777779045,1.0,0.7106481481481524,0.0
124,fixed_horizon_recompute,0.7798333333333289,0.6666666666666666,0.48011111111111404,0.9911000000000059,0.7126259259259289,1.0
124,bounded_continuity_refresh,0.7798333333333289,0.6666666666666666,0.48011111111111404,0.9911000000000059,0.7126259259259289,1.0
126,frozen,3.0246250000000052,0.9166666666666666,0.0,1.0,0.6388888888888888,0.0
126,fixed_horizon_recompute,0.3906249999999905,1.0,0.7395833333333397,0.5673181818181816,0.7689671717171738,3.0
126,bounded_continuity_refresh,0.3906249999999905,1.0,0.7395833333333397,0.5673181818181816,0.7689671717171738,3.0
127,frozen,0.6447499999999499,1.0,0.5701666666667,1.0,0.8567222222222334,0.0
127,fixed_horizon_recompute,0.47474999999999073,1.0,0.6835000000000062,0.9320000000000164,0.8718333333333409,1.0
127,bounded_continuity_refresh,0.47474999999999073,1.0,0.6835000000000062,0.9320000000000164,0.8718333333333409,1.0
128,frozen,1.4662500000000023,0.75,0.02249999999999852,1.0,0.5908333333333329,0.0
128,fixed_horizon_recompute,0.08499999999997954,1.0,0.943333333333347,0.0,0.6477777777777823,1.0
128,bounded_continuity_refresh,1.4662500000000023,0.75,0.02249999999999852,1.0,0.5908333333333329,0.0
129,frozen,2.519500000000022,0.75,0.0,1.0,0.5833333333333334,0.0
129,fixed_horizon_recompute,0.33150000000000546,1.0,0.7789999999999964,0.0,0.5929999999999988,1.0
129,bounded_continuity_refresh,2.519500000000022,0.75,0.0,1.0,0.5833333333333334,0.0
131,frozen,0.0,1.0,1.0,1.0,1.0,0.0
131,fixed_horizon_recompute,0.0,1.0,1.0,1.0,1.0,0.0
131,bounded_continuity_refresh,0.0,1.0,1.0,1.0,1.0,0.0
132,frozen,1.5302307692308064,0.9230769230769231,0.0,1.0,0.6410256410256411,0.0
132,fixed_horizon_recompute,0.3636153846154002,1.0,0.7575897435897332,0.07816666666665617,0.6119188034187965,3.0
132,bounded_continuity_refresh,1.0939230769230948,0.9230769230769231,0.27071794871793686,0.8693333333333252,0.6877094017093951,2.0
134,frozen,2.3001999999999954,0.8,0.0,1.0,0.6,0.0
134,fixed_horizon_recompute,1.593600000000015,0.8,0.0,0.5583750000000123,0.45279166666667076,1.0
134,bounded_continuity_refresh,1.593600000000015,0.8,0.0,0.5583750000000123,0.45279166666667076,1.0
136,frozen,2.0451578947368634,0.9473684210526315,0.0,1.0,0.6491228070175438,0.0
136,fixed_horizon_recompute,0.10563157894737167,1.0,0.9295789473684188,0.30424999999999924,0.7446096491228061,4.0
136,bounded_continuity_refresh,0.6297368421052648,0.9473684210526315,0.5801754385964901,0.8574722222222199,0.7950053606237805,3.0
137,frozen,0.7161249999999484,0.5,0.5225833333333678,1.0,0.674194444444456,0.0
137,fixed_horizon_recompute,0.15412499999996498,0.75,0.8972500000000233,0.2506666666666888,0.632638888888904,1.0
137,bounded_continuity_refresh,0.15412499999996498,0.75,0.8972500000000233,0.2506666666666888,0.632638888888904,1.0
138,frozen,3.859166666666662,0.6666666666666666,0.0,1.0,0.5555555555555555,0.0
138,fixed_horizon_recompute,3.859166666666662,0.6666666666666666,0.0,1.0,0.5555555555555555,0.0
138,bounded_continuity_refresh,3.859166666666662,0.6666666666666666,0.0,1.0,0.5555555555555555,0.0
139,frozen,20.69625000000002,0.5,0.0,1.0,0.5,0.0
139,fixed_horizon_recompute,20.69625000000002,0.5,0.0,1.0,0.5,0.0
139,bounded_continuity_refresh,20.69625000000002,0.5,0.0,1.0,0.5,0.0
141,frozen,0.9230000000000018,0.8,0.3846666666666655,1.0,0.728222222222222,0.0
141,fixed_horizon_recompute,0.9230000000000018,0.8,0.3846666666666655,1.0,0.728222222222222,0.0
141,bounded_continuity_refresh,0.9230000000000018,0.8,0.3846666666666655,1.0,0.728222222222222,0.0
142,frozen,4.332031250000007,0.9375,0.0,1.0,0.6458333333333334,0.0
142,fixed_horizon_recompute,1.1371875000000102,0.875,0.24187499999999318,0.14216666666666244,0.41968055555555184,4.0
142,bounded_continuity_refresh,4.685156250000006,0.875,0.0,0.924666666666667,0.599888888888889,1.0
143,frozen,8.46333333333333,0.6666666666666666,0.0,1.0,0.5555555555555555,0.0
143,fixed_horizon_recompute,8.46333333333333,0.6666666666666666,0.0,1.0,0.5555555555555555,0.0
143,bounded_continuity_refresh,8.46333333333333,0.6666666666666666,0.0,1.0,0.5555555555555555,0.0
144,frozen,1.6991346153846507,0.9615384615384616,0.0,1.0,0.6538461538461539,0.0
144,fixed_horizon_recompute,0.4161538461538568,0.9615384615384616,0.7225641025640954,0.5499999999999909,0.7447008547008492,6.0
144,bounded_continuity_refresh,0.4161538461538568,0.9615384615384616,0.7225641025640954,0.5499999999999909,0.7447008547008492,6.0
145,frozen,2.0642391304347316,0.9565217391304348,0.0,1.0,0.6521739130434783,0.0
145,fixed_horizon_recompute,0.8368478260869443,1.0,0.44210144927537043,0.5870454545454633,0.6763823012736112,6.0
145,bounded_continuity_refresh,0.8368478260869443,1.0,0.44210144927537043,0.5870454545454633,0.6763823012736112,6.0
147,frozen,1.6425000000000247,0.8571428571428571,0.0,1.0,0.6190476190476191,0.0
147,fixed_horizon_recompute,0.6517857142857305,1.0,0.5654761904761796,0.1729166666666705,0.5794642857142834,2.0
147,bounded_continuity_refresh,1.2667857142857233,0.8571428571428571,0.15547619047618444,0.8904166666666621,0.6343452380952345,1.0
148,frozen,1.151388888888884,0.8888888888888888,0.23240740740741073,1.0,0.7070987654320998,0.0
148,fixed_horizon_recompute,0.6488888888888797,0.8888888888888888,0.5674074074074136,0.8390624999999972,0.7651195987654331,2.0
148,bounded_continuity_refresh,0.6488888888888797,0.8888888888888888,0.5674074074074136,0.8390624999999972,0.7651195987654331,2.0
149,frozen,2.0691666666666513,0.9166666666666666,0.0,1.0,0.6388888888888888,0.0
149,fixed_horizon_recompute,0.3616666666666693,1.0,0.7588888888888872,0.6004545454545367,0.786447811447808,3.0
149,bounded_continuity_refresh,0.3616666666666693,1.0,0.7588888888888872,0.6004545454545367,0.786447811447808,3.0
150,frozen,3.105833333333357,0.8888888888888888,0.0,1.0,0.6296296296296297,0.0
150,fixed_horizon_recompute,1.3258333333333465,0.8888888888888888,0.11611111111110228,0.5062499999999943,0.5037499999999951,2.0
150,bounded_continuity_refresh,1.3258333333333465,0.8888888888888888,0.11611111111110228,0.5062499999999943,0.5037499999999951,2.0
151,frozen,3.5946874999999636,0.875,0.0,1.0,0.625,0.0
151,fixed_horizon_recompute,0.9034374999999955,0.875,0.39770833333333633,0.3117857142857149,0.5281646825396837,2.0
151,bounded_continuity_refresh,3.5946874999999636,0.875,0.0,1.0,0.625,0.0
154,frozen,2.273333333333293,0.8333333333333334,0.0,1.0,0.6111111111111112,0.0
154,fixed_horizon_recompute,0.759583333333334,0.8333333333333334,0.49361111111111067,0.3945000000000164,0.5738148148148201,1.0
154,bounded_continuity_refresh,0.759583333333334,0.8333333333333334,0.49361111111111067,0.3945000000000164,0.5738148148148201,1.0
155,frozen,0.6570833333333894,0.8333333333333334,0.561944444444407,1.0,0.7984259259259135,0.0
155,fixed_horizon_recompute,0.5879166666667098,0.8333333333333334,0.6080555555555267,0.9169999999999845,0.7861296296296149,1.0
155,bounded_continuity_refresh,0.5879166666667098,0.8333333333333334,0.6080555555555267,0.9169999999999845,0.7861296296296149,1.0
156,frozen,1.8637500000000387,0.5,0.0,1.0,0.5,0.0
156,fixed_horizon_recompute,1.8637500000000387,0.5,0.0,1.0,0.5,0.0
156,bounded_continuity_refresh,1.8637500000000387,0.5,0.0,1.0,0.5,0.0
157,frozen,1.2782142857143168,1.0,0.14785714285712215,1.0,0.7159523809523741,0.0
157,fixed_horizon_recompute,0.25464285714286106,1.0,0.8302380952380927,0.6970833333333151,0.8424404761904692,2.0
157,bounded_continuity_refresh,0.25464285714286106,1.0,0.8302380952380927,0.6970833333333151,0.8424404761904692,2.0
158,frozen,1.418333333333332,0.6666666666666666,0.054444444444445406,1.0,0.5737037037037039,0.0
158,fixed_horizon_recompute,1.418333333333332,0.6666666666666666,0.054444444444445406,1.0,0.5737037037037039,0.0
158,bounded_continuity_refresh,1.418333333333332,0.6666666666666666,0.054444444444445406,1.0,0.5737037037037039,0.0
159,frozen,3.71875,0.5,0.0,1.0,0.5,0.0
159,fixed_horizon_recompute,3.71875,0.5,0.0,1.0,0.5,0.0
159,bounded_continuity_refresh,3.71875,0.5,0.0,1.0,0.5,0.0
160,frozen,3.090000000000032,0.5,0.0,1.0,0.5,0.0
160,fixed_horizon_recompute,3.090000000000032,0.5,0.0,1.0,0.5,0.0
160,bounded_continuity_refresh,3.090000000000032,0.5,0.0,1.0,0.5,0.0
161,frozen,3.7534999999999856,0.8,0.0,1.0,0.6,0.0
161,fixed_horizon_recompute,1.3674999999999726,1.0,0.08833333333335158,0.0,0.36277777777778386,1.0
161,bounded_continuity_refresh,1.3674999999999726,1.0,0.08833333333335158,0.0,0.36277777777778386,1.0
162,frozen,2.9482954545454163,0.9545454545454546,0.0,1.0,0.6515151515151515,0.0
162,fixed_horizon_recompute,0.41397727272727086,1.0,0.7240151515151527,0.0,0.5746717171717176,7.0
162,bounded_continuity_refresh,1.4498863636363601,0.9545454545454546,0.033409090909093275,0.39619047619047854,0.46138167388167545,5.0
163,frozen,4.029687500000023,0.75,0.0,1.0,0.5833333333333334,0.0
163,fixed_horizon_recompute,1.9009374999999977,0.75,0.0,0.2324999999999916,0.3274999999999972,2.0
163,bounded_continuity_refresh,1.9009374999999977,0.75,0.0,0.2324999999999916,0.3274999999999972,2.0
165,frozen,2.878333333333368,0.6666666666666666,0.0,1.0,0.5555555555555555,0.0
165,fixed_horizon_recompute,2.878333333333368,0.6666666666666666,0.0,1.0,0.5555555555555555,0.0
165,bounded_continuity_refresh,2.878333333333368,0.6666666666666666,0.0,1.0,0.5555555555555555,0.0
166,frozen,2.0600000000000307,0.75,0.0,1.0,0.5833333333333334,0.0
166,fixed_horizon_recompute,0.2362500000000125,1.0,0.8424999999999917,0.0,0.614166666666664,1.0
166,bounded_continuity_refresh,0.2362500000000125,1.0,0.8424999999999917,0.0,0.614166666666664,1.0
167,frozen,2.5949999999999895,0.9166666666666666,0.0,1.0,0.6388888888888888,0.0
167,fixed_horizon_recompute,1.2270833333333258,0.9166666666666666,0.18194444444444946,0.5809090909090999,0.559840067340072,3.0
167,bounded_continuity_refresh,1.2270833333333258,0.9166666666666666,0.18194444444444946,0.5809090909090999,0.559840067340072,3.0
168,frozen,2.939843750000037,0.9375,0.0,1.0,0.6458333333333334,0.0
168,fixed_horizon_recompute,0.775624999999998,0.9375,0.482916666666668,0.0,0.4734722222222227,4.0
168,bounded_continuity_refresh,1.753906249999993,0.875,0.0,0.8366666666666637,0.5705555555555546,3.0
169,frozen,2.116000000000054,0.6,0.0,1.0,0.5333333333333333,0.0
169,fixed_horizon_recompute,1.1560000000000172,0.8,0.22933333333332184,0.39999999999997726,0.47644444444443307,1.0
169,bounded_continuity_refresh,2.116000000000054,0.6,0.0,1.0,0.5333333333333333,0.0
172,frozen,2.492941176470588,0.8235294117647058,0.0,1.0,0.6078431372549019,0.0
172,fixed_horizon_recompute,0.07764705882352567,0.9411764705882353,0.9482352941176495,0.5826562499999994,0.8240226715686281,3.0
172,bounded_continuity_refresh,0.07764705882352567,0.9411764705882353,0.9482352941176495,0.5826562499999994,0.8240226715686281,3.0
173,frozen,0.7200000000000273,0.5,0.5199999999999818,1.0,0.6733333333333272,0.0
173,fixed_horizon_recompute,0.7200000000000273,0.5,0.5199999999999818,1.0,0.6733333333333272,0.0
173,bounded_continuity_refresh,0.7200000000000273,0.5,0.5199999999999818,1.0,0.6733333333333272,0.0
174,frozen,1.0470000000000141,1.0,0.3019999999999906,1.0,0.7673333333333302,0.0
174,fixed_horizon_recompute,0.022250000000008187,1.0,0.9851666666666612,0.0,0.6617222222222204,3.0
174,bounded_continuity_refresh,0.838250000000005,1.0,0.44116666666666327,0.8974999999999985,0.7795555555555539,2.0
175,frozen,4.337499999999944,0.9285714285714286,0.0,1.0,0.6428571428571429,0.0
175,fixed_horizon_recompute,1.1005357142857082,0.9285714285714286,0.2663095238095279,0.0,0.39829365079365214,4.0
175,bounded_continuity_refresh,2.220892857142847,0.8571428571428571,0.0,0.5907692307692269,0.4826373626373613,3.0
176,frozen,0.7620000000000118,0.8,0.4919999999999921,1.0,0.7639999999999972,0.0
176,fixed_horizon_recompute,0.6350000000000137,1.0,0.5766666666666576,0.9206250000000011,0.8324305555555528,1.0
176,bounded_continuity_refresh,0.6350000000000137,1.0,0.5766666666666576,0.9206250000000011,0.8324305555555528,1.0
177,frozen,1.5531249999999943,0.75,0.0,1.0,0.5833333333333334,0.0
177,fixed_horizon_recompute,0.0,1.0,1.0,0.0,0.6666666666666666,1.0
177,bounded_continuity_refresh,0.0,1.0,1.0,0.0,0.6666666666666666,1.0
178,frozen,3.756249999999966,0.5,0.0,1.0,0.5,0.0
178,fixed_horizon_recompute,3.756249999999966,0.5,0.0,1.0,0.5,0.0
178,bounded_continuity_refresh,3.756249999999966,0.5,0.0,1.0,0.5,0.0
180,frozen,1.1637499999999932,0.75,0.22416666666667118,1.0,0.6580555555555571,0.0
180,fixed_horizon_recompute,0.0,1.0,1.0,0.0,0.6666666666666666,1.0
180,bounded_continuity_refresh,0.0,1.0,1.0,0.0,0.6666666666666666,1.0
181,frozen,0.5616666666666484,0.6666666666666666,0.6255555555555676,1.0,0.764074074074078,0.0
181,fixed_horizon_recompute,0.5616666666666484,0.6666666666666666,0.6255555555555676,1.0,0.764074074074078,0.0
181,bounded_continuity_refresh,0.5616666666666484,0.6666666666666666,0.6255555555555676,1.0,0.764074074074078,0.0
182,frozen,1.0649999999999864,0.8,0.29000000000000903,1.0,0.6966666666666695,0.0
182,fixed_horizon_recompute,0.7720000000000027,0.8,0.4853333333333315,0.8168750000000102,0.7007361111111138,1.0
182,bounded_continuity_refresh,0.7720000000000027,0.8,0.4853333333333315,0.8168750000000102,0.7007361111111138,1.0
184,frozen,2.6793749999999648,0.75,0.0,1.0,0.5833333333333334,0.0
184,fixed_horizon_recompute,0.784374999999983,1.0,0.47708333333334474,0.0,0.49236111111111497,1.0
184,bounded_continuity_refresh,0.784374999999983,1.0,0.47708333333334474,0.0,0.49236111111111497,1.0
186,frozen,1.9112500000000239,0.75,0.0,1.0,0.5833333333333334,0.0
186,fixed_horizon_recompute,0.11875000000000568,1.0,0.9208333333333295,0.0,0.6402777777777765,1.0
186,bounded_continuity_refresh,1.9112500000000239,0.75,0.0,1.0,0.5833333333333334,0.0
187,frozen,1.3043750000000216,0.75,0.1304166666666523,1.0,0.6268055555555508,0.0
187,fixed_horizon_recompute,0.016250000000013642,1.0,0.9891666666666575,0.0,0.6630555555555525,1.0
187,bounded_continuity_refresh,1.3043750000000216,0.75,0.1304166666666523,1.0,0.6268055555555508,0.0
188,frozen,1.7975000000000136,0.6666666666666666,0.0,1.0,0.5555555555555555,0.0
188,fixed_horizon_recompute,1.7975000000000136,0.6666666666666666,0.0,1.0,0.5555555555555555,0.0
188,bounded_continuity_refresh,1.7975000000000136,0.6666666666666666,0.0,1.0,0.5555555555555555,0.0
190,frozen,0.8737499999999727,0.5,0.4175000000000182,1.0,0.6391666666666728,0.0
190,fixed_horizon_recompute,0.8737499999999727,0.5,0.4175000000000182,1.0,0.6391666666666728,0.0
190,bounded_continuity_refresh,0.8737499999999727,0.5,0.4175000000000182,1.0,0.6391666666666728,0.0
191,frozen,2.0,0.5,0.0,1.0,0.5,0.0
191,fixed_horizon_recompute,2.0,0.5,0.0,1.0,0.5,0.0
191,bounded_continuity_refresh,2.0,0.5,0.0,1.0,0.5,0.0
193,frozen,0.40000000000000974,1.0,0.7333333333333268,1.0,0.9111111111111089,0.0
193,fixed_horizon_recompute,0.034285714285715585,1.0,0.9771428571428563,0.8783333333333303,0.9518253968253956,2.0
193,bounded_continuity_refresh,0.034285714285715585,1.0,0.9771428571428563,0.8783333333333303,0.9518253968253956,2.0
194,frozen,0.8492857142857214,1.0,0.4338095238095191,1.0,0.8112698412698397,0.0
194,fixed_horizon_recompute,0.2657142857142877,1.0,0.8228571428571415,0.8141666666666652,0.8790079365079356,2.0
194,bounded_continuity_refresh,0.2657142857142877,1.0,0.8228571428571415,0.8141666666666652,0.8790079365079356,2.0
195,frozen,1.3349999999999984,0.6666666666666666,0.1100000000000011,1.0,0.5922222222222225,0.0
195,fixed_horizon_recompute,1.3349999999999984,0.6666666666666666,0.1100000000000011,1.0,0.5922222222222225,0.0
195,bounded_continuity_refresh,1.3349999999999984,0.6666666666666666,0.1100000000000011,1.0,0.5922222222222225,0.0
196,frozen,3.6087499999999864,1.0,0.0,1.0,0.6666666666666666,0.0
196,fixed_horizon_recompute,0.839999999999975,1.0,0.4400000000000167,0.0,0.4800000000000056,1.0
196,bounded_continuity_refresh,3.6087499999999864,1.0,0.0,1.0,0.6666666666666666,0.0
197,frozen,2.6674999999999804,0.6666666666666666,0.0,1.0,0.5555555555555555,0.0
197,fixed_horizon_recompute,2.6674999999999804,0.6666666666666666,0.0,1.0,0.5555555555555555,0.0
197,bounded_continuity_refresh,2.6674999999999804,0.6666666666666666,0.0,1.0,0.5555555555555555,0.0
198,frozen,0.4800000000000182,0.6666666666666666,0.679999999999988,1.0,0.7822222222222183,0.0
198,fixed_horizon_recompute,0.4800000000000182,0.6666666666666666,0.679999999999988,1.0,0.7822222222222183,0.0
198,bounded_continuity_refresh,0.4800000000000182,0.6666666666666666,0.679999999999988,1.0,0.7822222222222183,0.0
199,frozen,1.60166666666665,0.6666666666666666,0.0,1.0,0.5555555555555555,0.0
199,fixed_horizon_recompute,1.60166666666665,0.6666666666666666,0.0,1.0,0.5555555555555555,0.0
199,bounded_continuity_refresh,1.60166666666665,0.6666666666666666,0.0,1.0,0.5555555555555555,0.0
200,frozen,3.5249999999999773,0.5,0.0,1.0,0.5,0.0
200,fixed_horizon_recompute,3.5249999999999773,0.5,0.0,1.0,0.5,0.0
200,bounded_continuity_refresh,3.5249999999999773,0.5,0.0,1.0,0.5,0.0
202,frozen,3.1139999999998964,0.8,0.0,1.0,0.6,0.0
202,fixed_horizon_recompute,2.660999999999922,0.8,0.0,0.7168750000000159,0.5056250000000053,1.0
202,bounded_continuity_refresh,2.660999999999922,0.8,0.0,0.7168750000000159,0.5056250000000053,1.0
203,frozen,4.446249999999964,0.5,0.0,1.0,0.5,0.0
203,fixed_horizon_recompute,4.446249999999964,0.5,0.0,1.0,0.5,0.0
203,bounded_continuity_refresh,4.446249999999964,0.5,0.0,1.0,0.5,0.0
204,frozen,0.35285714285704933,1.0,0.7647619047619671,1.0,0.9215873015873224,0.0
204,fixed_horizon_recompute,0.0,1.0,1.0,0.8970833333333607,0.9656944444444536,1.0
204,bounded_continuity_refresh,0.0,1.0,1.0,0.8970833333333607,0.9656944444444536,1.0
205,frozen,1.9574999999999818,0.5,0.0,1.0,0.5,0.0
205,fixed_horizon_recompute,1.9574999999999818,0.5,0.0,1.0,0.5,0.0
205,bounded_continuity_refresh,1.9574999999999818,0.5,0.0,1.0,0.5,0.0
206,frozen,3.0850000000000364,1.0,0.0,1.0,0.6666666666666666,0.0
206,fixed_horizon_recompute,0.7712500000000091,1.0,0.48583333333332723,0.07449999999998913,0.5201111111111055,1.0
206,bounded_continuity_refresh,0.7712500000000091,1.0,0.48583333333332723,0.07449999999998913,0.5201111111111055,1.0
207,frozen,4.9933333333331875,0.3333333333333333,0.0,1.0,0.4444444444444444,0.0
207,fixed_horizon_recompute,4.9933333333331875,0.3333333333333333,0.0,1.0,0.4444444444444444,0.0
207,bounded_continuity_refresh,4.9933333333331875,0.3333333333333333,0.0,1.0,0.4444444444444444,0.0
208,frozen,1.6891666666666272,0.6666666666666666,0.0,1.0,0.5555555555555555,0.0
208,fixed_horizon_recompute,1.6891666666666272,0.6666666666666666,0.0,1.0,0.5555555555555555,0.0
208,bounded_continuity_refresh,1.6891666666666272,0.6666666666666666,0.0,1.0,0.5555555555555555,0.0
210,frozen,3.4037500000000023,0.75,0.0,1.0,0.5833333333333334,0.0
210,fixed_horizon_recompute,0.30000000000001137,1.0,0.7999999999999924,0.0,0.5999999999999974,1.0
210,bounded_continuity_refresh,3.4037500000000023,0.75,0.0,1.0,0.5833333333333334,0.0
211,frozen,1.8904545454545314,1.0,0.0,1.0,0.6666666666666666,0.0
211,fixed_horizon_recompute,0.42681818181815534,1.0,0.7154545454545631,0.4657500000000028,0.7270681818181887,2.0
211,bounded_continuity_refresh,0.42681818181815534,1.0,0.7154545454545631,0.4657500000000028,0.7270681818181887,2.0
213,frozen,1.190555555555597,1.0,0.20629629629626878,1.0,0.7354320987654229,0.0
213,fixed_horizon_recompute,0.11222222222222121,1.0,0.9251851851851859,0.797812499999992,0.9076658950617259,1.0
213,bounded_continuity_refresh,0.11222222222222121,1.0,0.9251851851851859,0.797812499999992,0.9076658950617259,1.0
214,frozen,2.1800000000000637,0.5,0.0,1.0,0.5,0.0
214,fixed_horizon_recompute,2.1800000000000637,0.5,0.0,1.0,0.5,0.0
214,bounded_continuity_refresh,2.1800000000000637,0.5,0.0,1.0,0.5,0.0
215,frozen,6.212500000000046,0.8,0.0,1.0,0.6,0.0
215,fixed_horizon_recompute,5.066500000000042,0.8,0.0,0.2837499999999977,0.36124999999999924,1.0
215,bounded_continuity_refresh,5.066500000000042,0.8,0.0,0.2837499999999977,0.36124999999999924,1.0
217,frozen,1.4528846153845665,0.9230769230769231,0.03141025641028905,1.0,0.6514957264957374,0.0
217,fixed_horizon_recompute,0.0,1.0,1.0,0.0,0.6666666666666666,2.0
217,bounded_continuity_refresh,1.0961538461538463,0.9230769230769231,0.26923076923076916,0.9447916666666742,0.7123664529914556,1.0
219,frozen,1.2839999999999236,0.8,0.14400000000005087,1.0,0.6480000000000169,0.0
219,fixed_horizon_recompute,0.59074999999998,0.9,0.6061666666666801,0.3663888888889031,0.6241851851851944,2.0
219,bounded_continuity_refresh,0.59074999999998,0.9,0.6061666666666801,0.3663888888889031,0.6241851851851944,2.0
220,frozen,2.625,0.5,0.0,1.0,0.5,0.0
220,fixed_horizon_recompute,2.625,0.5,0.0,1.0,0.5,0.0
220,bounded_continuity_refresh,2.625,0.5,0.0,1.0,0.5,0.0
221,frozen,3.5441666666665697,0.6666666666666666,0.0,1.0,0.5555555555555555,0.0
221,fixed_horizon_recompute,3.5441666666665697,0.6666666666666666,0.0,1.0,0.5555555555555555,0.0
221,bounded_continuity_refresh,3.5441666666665697,0.6666666666666666,0.0,1.0,0.5555555555555555,0.0
223,frozen,1.6524999999999181,1.0,0.0,1.0,0.6666666666666666,0.0
223,fixed_horizon_recompute,1.6524999999999181,1.0,0.0,1.0,0.6666666666666666,0.0
223,bounded_continuity_refresh,1.6524999999999181,1.0,0.0,1.0,0.6666666666666666,0.0
226,frozen,16.271875000000023,0.5,0.0,1.0,0.5,0.0
226,fixed_horizon_recompute,5.960624999999993,0.75,0.0,0.0,0.25,1.0
226,bounded_continuity_refresh,16.271875000000023,0.5,0.0,1.0,0.5,0.0
227,frozen,21.475441176470593,1.0,0.0,1.0,0.6666666666666666,0.0
227,fixed_horizon_recompute,3.4446323529411784,0.9411764705882353,0.0,0.0,0.3137254901960784,11.0
227,bounded_continuity_refresh,11.025220588235303,0.9117647058823529,0.0,0.0,0.30392156862745096,7.0
229,frozen,12.936964285714266,1.0,0.0,1.0,0.6666666666666666,0.0
229,fixed_horizon_recompute,2.174999999999995,1.0,0.0,0.0,0.3333333333333333,5.0
229,bounded_continuity_refresh,2.174999999999995,1.0,0.0,0.0,0.3333333333333333,5.0
230,frozen,3.4827500000000784,1.0,0.0,1.0,0.6666666666666666,0.0
230,fixed_horizon_recompute,1.24675000000002,1.0,0.16883333333331996,0.37888888888887273,0.5159074074073976,1.0
230,bounded_continuity_refresh,1.24675000000002,1.0,0.16883333333331996,0.37888888888887273,0.5159074074073976,1.0
231,frozen,5.534583333333292,0.8333333333333334,0.0,1.0,0.6111111111111112,0.0
231,fixed_horizon_recompute,3.2745833333333016,0.8333333333333334,0.0,0.09600000000000364,0.309777777777779,1.0
231,bounded_continuity_refresh,3.2745833333333016,0.8333333333333334,0.0,0.09600000000000364,0.309777777777779,1.0
232,frozen,8.130999999999949,0.8,0.0,1.0,0.6,0.0
232,fixed_horizon_recompute,4.309000000000014,0.8,0.0,0.0,0.26666666666666666,1.0
232,bounded_continuity_refresh,4.309000000000014,0.8,0.0,0.0,0.26666666666666666,1.0
233,frozen,9.598571428571306,0.9642857142857143,0.0,1.0,0.6547619047619048,0.0
233,fixed_horizon_recompute,1.7653571428571209,0.9285714285714286,0.0,0.0,0.30952380952380953,6.0
233,bounded_continuity_refresh,7.257678571428528,1.0,0.0,0.0,0.3333333333333333,5.0
234,frozen,1.1264285714287976,1.0,0.2490476190474683,1.0,0.7496825396824894,0.0
234,fixed_horizon_recompute,0.5671428571428935,1.0,0.6219047619047378,0.6874999999999243,0.7698015873015539,2.0
234,bounded_continuity_refresh,0.5671428571428935,1.0,0.6219047619047378,0.6874999999999243,0.7698015873015539,2.0
235,frozen,14.796250000000281,0.9,0.0,1.0,0.6333333333333333,0.0
235,fixed_horizon_recompute,1.070749999999998,1.0,0.2861666666666679,0.0,0.4287222222222226,3.0
235,bounded_continuity_refresh,1.070749999999998,1.0,0.2861666666666679,0.0,0.4287222222222226,3.0
236,frozen,2.5488888888889454,1.0,0.0,1.0,0.6666666666666666,0.0
236,fixed_horizon_recompute,0.6372222222222363,1.0,0.5751851851851757,0.2831249999999841,0.6194367283950533,1.0
236,bounded_continuity_refresh,0.6372222222222363,1.0,0.5751851851851757,0.2831249999999841,0.6194367283950533,1.0
237,frozen,19.972500000000036,0.8,0.0,1.0,0.6,0.0
237,fixed_horizon_recompute,11.073500000000058,0.8,0.0,0.0,0.26666666666666666,1.0
237,bounded_continuity_refresh,19.972500000000036,0.8,0.0,1.0,0.6,0.0
238,frozen,12.531666666666752,0.6666666666666666,0.0,1.0,0.5555555555555555,0.0
238,fixed_horizon_recompute,12.531666666666752,0.6666666666666666,0.0,1.0,0.5555555555555555,0.0
238,bounded_continuity_refresh,12.531666666666752,0.6666666666666666,0.0,1.0,0.5555555555555555,0.0
240,frozen,17.50125000000018,0.8333333333333334,0.0,1.0,0.6111111111111112,0.0
240,fixed_horizon_recompute,5.767500000000079,0.8333333333333334,0.0,0.0,0.2777777777777778,1.0
240,bounded_continuity_refresh,5.767500000000079,0.8333333333333334,0.0,0.0,0.2777777777777778,1.0
242,frozen,2.9164999999999965,0.8,0.0,1.0,0.6,0.0
242,fixed_horizon_recompute,0.8384999999999309,1.0,0.44100000000004613,0.0,0.48033333333334866,1.0
242,bounded_continuity_refresh,0.8384999999999309,1.0,0.44100000000004613,0.0,0.48033333333334866,1.0
