fvg_event_id,fvg_side,fvg_detect_idx,fvg_zone_low,fvg_zone_high,fvg_zone_mid,fvg_width,fvg_width_atr,fvg_gap_cleanliness,fvg_gap_cleanliness_capped,fvg_terminal_state,fvg_first_touch_idx,fvg_first_partial_fill_idx,fvg_full_fill_idx,fvg_invalidation_idx,fvg_expiry_idx,fvg_origin_idx,fvg_merge_idx,fvg_terminal_idx,fvg_detect_ts,fvg_terminal_label,fvg_r_trend_state_on_detect,fvg_r_bos_direction_on_detect,fvg_r_choch_direction_on_detect,fvg_r_displacement_flag_on_detect,fvg_r_session_on_detect,fvg_r_width_bucket,fvg_r_cleanliness_bucket,fvg_r_has_sufficient_forward_horizon,fvg_r_core_full_fill_flag,fvg_r_core_invalidated_flag,fvg_r_core_expired_flag,fvg_r_core_merged_flag,fvg_r_core_still_active_at_dataset_end_flag,fvg_r_ever_touched,fvg_r_first_touch_idx,fvg_r_ever_partial_fill,fvg_r_time_to_first_touch,fvg_r_time_to_first_partial_fill,fvg_r_time_to_full_fill,fvg_r_time_to_invalidation,fvg_r_touch_delay_bucket,fvg_r_first_retest_depth_frac,fvg_r_first_terminal_idx,fvg_r_first_terminal_label,fvg_r_max_fill_pct_before_terminal,fvg_r_deep_partial_fill_before_terminal,fvg_r_continuation_without_touch_idx,fvg_r_time_to_continuation_without_touch,fvg_r_cwt_trigger_delay_bucket,fvg_r_cwt_trigger_idx_atr_0.5,fvg_r_cwt_time_atr_0.5,fvg_r_cwt_flag_atr_0.5,fvg_r_cwt_trigger_idx_atr_1,fvg_r_cwt_time_atr_1,fvg_r_cwt_flag_atr_1,fvg_r_cwt_trigger_idx_atr_1.5,fvg_r_cwt_time_atr_1.5,fvg_r_cwt_flag_atr_1.5,fvg_r_cwt_trigger_idx_width_1,fvg_r_cwt_time_width_1,fvg_r_cwt_flag_width_1,fvg_r_cwt_trigger_idx_width_1.5,fvg_r_cwt_time_width_1.5,fvg_r_cwt_flag_width_1.5,fvg_r_cwt_flag_1atr_no_early_failure,fvg_r_cwt_recommended_flag,fvg_r_continuation_without_touch_flag,fvg_r_continuation_without_touch_recommended_flag,fvg_r_fill_pct_1,fvg_r_max_fill_pct_1,fvg_r_mfe_from_detect_atr_1,fvg_r_mae_from_detect_atr_1,fvg_r_excursion_ratio_detect_1,fvg_r_mfe_from_touch_atr_1,fvg_r_mae_from_touch_atr_1,fvg_r_excursion_ratio_touch_1,fvg_r_hold_after_touch_1,fvg_r_fail_after_touch_1,fvg_r_retest_count_1,fvg_r_max_retest_depth_frac_1,fvg_r_fill_pct_3,fvg_r_max_fill_pct_3,fvg_r_mfe_from_detect_atr_3,fvg_r_mae_from_detect_atr_3,fvg_r_excursion_ratio_detect_3,fvg_r_mfe_from_touch_atr_3,fvg_r_mae_from_touch_atr_3,fvg_r_excursion_ratio_touch_3,fvg_r_hold_after_touch_3,fvg_r_fail_after_touch_3,fvg_r_retest_count_3,fvg_r_max_retest_depth_frac_3,fvg_r_fill_pct_5,fvg_r_max_fill_pct_5,fvg_r_mfe_from_detect_atr_5,fvg_r_mae_from_detect_atr_5,fvg_r_excursion_ratio_detect_5,fvg_r_mfe_from_touch_atr_5,fvg_r_mae_from_touch_atr_5,fvg_r_excursion_ratio_touch_5,fvg_r_hold_after_touch_5,fvg_r_fail_after_touch_5,fvg_r_retest_count_5,fvg_r_max_retest_depth_frac_5,fvg_r_fill_pct_10,fvg_r_max_fill_pct_10,fvg_r_mfe_from_detect_atr_10,fvg_r_mae_from_detect_atr_10,fvg_r_excursion_ratio_detect_10,fvg_r_mfe_from_touch_atr_10,fvg_r_mae_from_touch_atr_10,fvg_r_excursion_ratio_touch_10,fvg_r_hold_after_touch_10,fvg_r_fail_after_touch_10,fvg_r_retest_count_10,fvg_r_max_retest_depth_frac_10,fvg_r_fill_pct_20,fvg_r_max_fill_pct_20,fvg_r_mfe_from_detect_atr_20,fvg_r_mae_from_detect_atr_20,fvg_r_excursion_ratio_detect_20,fvg_r_mfe_from_touch_atr_20,fvg_r_mae_from_touch_atr_20,fvg_r_excursion_ratio_touch_20,fvg_r_hold_after_touch_20,fvg_r_fail_after_touch_20,fvg_r_retest_count_20,fvg_r_max_retest_depth_frac_20,fvg_r_immediate_reject_after_touch,fvg_r_dirty_accept_after_touch,fvg_r_continuation_detect_5_0.5atr,fvg_r_continuation_touch_5_0.5atr,fvg_r_continuation_detect_5_1atr,fvg_r_continuation_touch_5_1atr,fvg_r_continuation_detect_5_1.5atr,fvg_r_continuation_touch_5_1.5atr,fvg_r_continuation_detect_5_2atr,fvg_r_continuation_touch_5_2atr,fvg_r_continuation_detect_10_0.5atr,fvg_r_continuation_touch_10_0.5atr,fvg_r_continuation_detect_10_1atr,fvg_r_continuation_touch_10_1atr,fvg_r_continuation_detect_10_1.5atr,fvg_r_continuation_touch_10_1.5atr,fvg_r_continuation_detect_10_2atr,fvg_r_continuation_touch_10_2atr,fvg_r_continuation_detect_20_0.5atr,fvg_r_continuation_touch_20_0.5atr,fvg_r_continuation_detect_20_1atr,fvg_r_continuation_touch_20_1atr,fvg_r_continuation_detect_20_1.5atr,fvg_r_continuation_touch_20_1.5atr,fvg_r_continuation_detect_20_2atr,fvg_r_continuation_touch_20_2atr,fvg_r_continuation_before_full_fill,fvg_r_continuation_before_invalidation,fvg_r_final_outcome,fvg_r_touched_rejected_flag,fvg_r_untouched_behavior_flag,fvg_r_research_eligible_flag,fvg_r_research_exclusion_reason,fvg_r_unresolved_due_to_insufficient_forward_horizon_flag,fvg_r_exact_one_mapping_or_exclusion_flag,fvg_r_outcome_5,fvg_r_outcome_10,fvg_r_outcome_20,fvg_r_tradeable_touch_reaction,fvg_r_strong_continuation,fvg_r_noisy_or_inefficient,fvg_r_touch_reaction_score,fvg_r_structural_respect_score,fvg_r_tradability_score,fvg_r_failure_severity_score
2873,bull,17684,4333.745,4388.8,4361.2725,55.05500000000029,1.2774828172175856,0.7633804769828116,0.7633804769828116,6,,,,,17732.0,17683,,17732.0,2026-01-05 02:00:00+00:00,expired,,,,,unknown,xl,clean,True,False,False,True,False,False,False,,False,,,,,untouched,,17732.0,expired,0.0,False,17689.0,5.0,4_7,17685.0,1.0,True,17689.0,5.0,True,17693.0,9.0,True,17690.0,6.0,True,17694.0,10.0,True,True,True,True,True,0.0,0.0,0.5949443181084214,0.02447996316708302,24.30331753555958,,,,,,,,0.0,0.0,0.9975294943635172,0.3776411379568728,2.6414746543779257,,,,,,,,0.0,0.0,1.1026425115644338,0.3776411379568728,2.919815668202857,,,,,,,,0.0,0.0,1.963733917375785,0.3776411379568728,5.200000000000123,,,,,,,,0.0,0.0,2.042626689667844,0.3776411379568728,5.408909370199798,,,,,,,,,,True,False,True,False,False,False,False,False,True,False,True,False,True,False,False,False,True,False,True,False,True,False,True,False,False,False,expired,False,False,True,,False,True,continuation_without_touch,continuation_without_touch,continuation_without_touch,False,False,False,0.125,0.31450707154742175,0.3177078101825335,0.0
2875,bull,17706,4436.175,4444.785,4440.48,8.609999999999673,0.25191297646775385,0.18532070598363465,0.18532070598363465,6,,,,,17754.0,17705,,17754.0,2026-01-08 18:00:00+00:00,expired,,,,,unknown,s,dirty,True,False,False,True,False,False,False,,False,,,,,untouched,,17754.0,expired,0.0,False,17711.0,5.0,4_7,17711.0,5.0,True,17711.0,5.0,True,17713.0,7.0,True,17710.0,4.0,True,17710.0,4.0,True,True,True,True,True,0.0,0.0,0.07124368149815385,0.7168255427944488,0.09938775510205713,,,,,,,,0.0,0.0,0.07124368149815385,0.7168255427944488,0.09938775510205713,,,,,,,,0.0,0.0,1.1619888339625157,0.7168255427944488,1.621020408163271,,,,,,,,0.0,0.0,4.182018733033666,0.7168255427944488,5.834081632653077,,,,,,,,0.0,0.0,4.74743316627867,0.7168255427944488,6.622857142857152,,,,,,,,,,True,False,True,False,False,False,False,False,True,False,True,False,True,False,True,False,True,False,True,False,True,False,True,False,False,False,expired,False,False,True,,False,True,continuation_without_touch,continuation_without_touch,continuation_without_touch,False,False,False,0.125,0.2277981058975452,0.1592879233367535,0.0
2876,bull,17713,4517.215,4521.23,4519.2225,4.014999999999418,0.11187171815786934,0.14257812499998007,0.14257812499998007,7,,,,,,17712,17714.0,17714.0,2026-01-11 22:00:00+00:00,merged,,,,,unknown,xs,dirty,True,False,False,False,True,False,False,,False,,,,,untouched,,17714.0,merged,0.0,False,17716.0,3.0,1_3,17715.0,2.0,True,17716.0,3.0,True,17717.0,4.0,True,17714.0,1.0,True,17714.0,1.0,True,False,False,False,False,0.0,0.0,0.4214345547043634,0.23001271068325174,1.8322228952151989,,,,,,,,0.0,0.0,1.3999986248675091,0.23001271068325174,6.086614173229034,,,,,,,,0.0,0.0,1.674732159372295,0.23001271068325174,7.28104179285358,,,,,,,,0.0,0.0,1.8016501360121957,0.23001271068325174,7.8328285887349525,,,,,,,,0.0,0.0,2.0312448950709636,0.23001271068325174,8.831011508177786,,,,,,,,,,True,False,True,False,True,False,False,False,True,False,True,False,True,False,False,False,True,False,True,False,True,False,True,False,False,False,merged,False,True,True,,False,True,continuation_without_touch,continuation_without_touch,continuation_without_touch,False,False,False,0.125,0.22138671874999702,0.1390129087752152,0.0
2877,bull,17714,4511.235,4561.935,4536.585,50.70000000000073,1.4487453591454766,0.6307539188853031,0.6307539188853031,7,,,,,,17713,17714.0,17714.0,2026-01-12 02:00:00+00:00,merged,,,,,unknown,xl,clean,True,False,False,False,True,False,False,,False,,,,,untouched,,17714.0,merged,0.0,False,17716.0,2.0,1_3,17715.0,1.0,True,17716.0,2.0,True,17723.0,9.0,True,17723.0,9.0,True,,,False,False,False,False,False,0.0,0.0,0.5247772883768699,0.31575219365988627,1.6619909502264165,,,,,,,,0.0,0.0,1.4091691792161518,0.31575219365988627,4.46289592760215,,,,,,,,0.0,0.0,1.4091691792161518,0.31575219365988627,4.46289592760215,,,,,,,,0.0,0.0,1.5393276626660133,0.323753154223233,4.754633715798866,,,,,,,,0.0,0.0,1.774784502101087,0.323753154223233,5.481906443071578,,,,,,,,,,True,False,True,False,False,False,False,False,True,False,True,False,True,False,False,False,True,False,True,False,True,False,False,False,False,False,merged,False,True,True,,False,True,continuation_without_touch,continuation_without_touch,continuation_without_touch,False,False,False,0.125,0.2946130878327955,0.3355693198442624,0.0
2878,bull,17726,4602.165,4613.51,4607.8375,11.345000000000255,0.33348338472594496,0.39737302977233563,0.39737302977233563,4,17729.0,17729.0,17729.0,,,17725,,17729.0,2026-01-14 02:00:00+00:00,full_fill,,,,,unknown,s,mixed,True,True,False,False,False,False,True,17729.0,True,3.0,3.0,3.0,,fast,1.0,17729.0,full_fill,1.0,True,,,unknown,,,False,,,False,,,False,,,False,,,False,False,False,False,False,0.0,0.0,0.5817220082614624,0.03865408998808089,15.049429657788817,0.8819608993233777,0.04595787885982329,19.190635451506758,True,False,1.0,0.0,1.0,1.0,0.6500647909399766,0.5993588554043169,1.0846002942618649,0.8819608993233777,1.0230623467926547,0.8620793269230989,False,True,1.0,1.0,1.0,1.0,0.6819580895232868,1.063648856439681,0.6411496476440393,0.8819608993233777,1.0230623467926547,0.8620793269230989,False,True,1.0,1.0,1.0,1.0,0.6819580895232868,1.1396342728801008,0.5984008253804374,0.8819608993233777,1.0230623467926547,0.8620793269230989,False,True,1.0,1.0,0.0,1.0,2.088349675438894,2.447553462248153,0.8532396565183424,2.352766728118306,2.3908856376742476,0.9840565734490664,False,True,1.0,1.0,True,False,True,True,False,False,False,False,False,False,True,True,False,False,False,False,False,False,True,True,True,True,True,True,True,True,False,False,full_fill,True,False,True,,False,True,invalidated,invalidated,invalidated,False,False,False,0.2985093865155937,0.25960595446585033,0.2735461024968318,0.3278827933490819
2879,bull,17743,4620.285,4646.895,4633.59,26.610000000000582,0.7032687789548683,1.4379897325047515,1.4379897325047515,7,,,,,,17742,17744.0,17744.0,2026-01-18 22:00:00+00:00,merged,,,,,unknown,m,very_clean,True,False,False,False,True,False,False,,False,,,,,untouched,,17744.0,merged,0.0,False,17750.0,7.0,4_7,17745.0,2.0,True,17750.0,7.0,True,17750.0,7.0,True,17750.0,7.0,True,17750.0,7.0,True,False,False,False,False,0.0,0.0,0.4484957226179644,0.11351143951939663,3.951105937136197,,,,,,,,0.0,0.0,0.5753536759807386,0.11351143951939663,5.068684516880109,,,,,,,,0.0,0.0,0.6085217450370489,0.11351143951939663,5.360884749709,,,,,,,,0.0,0.0,2.780039190464537,0.11351143951939663,24.491268917345455,,,,,,,,0.0,0.0,6.109928322535811,0.11351143951939663,53.8265424912681,,,,,,,,,,True,False,False,False,False,False,False,False,True,False,True,False,True,False,True,False,True,False,True,False,True,False,True,False,False,False,merged,False,True,True,,False,True,untouched,continuation_without_touch,continuation_without_touch,False,False,False,0.125,0.35,0.25001917052731576,0.0
2880,bull,17744,4598.64,4653.075,4625.8575,54.43499999999949,1.4851104591063191,1.2360354223433137,1.2360354223433137,7,,,,,,17743,17744.0,17744.0,2026-01-19 02:00:00+00:00,merged,,,,,unknown,xl,very_clean,True,False,False,False,True,False,False,,False,,,,,untouched,,17744.0,merged,0.0,False,17750.0,6.0,4_7,17750.0,6.0,True,17750.0,6.0,True,17751.0,7.0,True,17751.0,7.0,True,17753.0,9.0,True,False,False,False,False,0.0,0.0,0.24854149503921297,0.22535156410796883,1.1029055690074268,,,,,,,,0.0,0.0,0.24854149503921297,0.28018893019236407,0.8870496592016555,,,,,,,,0.0,0.0,0.28278074600235453,0.2855089731707172,0.9904443382704775,,,,,,,,0.0,0.0,2.6263278836386816,0.2855089731707172,9.198757763975058,,,,,,,,0.0,0.0,5.96185841969711,0.2855089731707172,20.881509794553033,,,,,,,,,,False,False,False,False,False,False,False,False,True,False,True,False,True,False,True,False,True,False,True,False,True,False,True,False,False,False,merged,False,True,True,,False,True,untouched,continuation_without_touch,continuation_without_touch,False,False,False,0.125,0.35,0.35426472788084257,0.0
2881,bull,17751,4676.22,4705.71,4690.965,29.48999999999978,0.9308788640968702,0.5749658802885514,0.5749658802885514,6,,,,,17799.0,17750,,17799.0,2026-01-20 06:00:00+00:00,expired,,,,,unknown,l,clean,True,False,False,True,False,False,False,,False,,,,,untouched,,17799.0,expired,0.0,False,17754.0,3.0,1_3,17753.0,2.0,True,17754.0,3.0,True,17755.0,4.0,True,17753.0,2.0,True,17755.0,4.0,True,True,True,True,True,0.0,0.0,0.18608107507126131,0.5478264729196641,0.3396715643906992,,,,,,,,0.0,0.0,1.0629822227352494,0.5478264729196641,1.9403630077787974,,,,,,,,0.0,0.0,4.596944353286819,0.5478264729196641,8.39124171708463,,,,,,,,0.0,0.0,4.9222311181060325,0.5478264729196641,8.98501872659201,,,,,,,,0.0,0.0,8.072193879999126,0.5478264729196641,14.734946701239227,,,,,,,,,,True,False,True,False,True,False,True,False,True,False,True,False,True,False,True,False,True,False,True,False,True,False,True,False,False,False,expired,False,False,True,,False,True,continuation_without_touch,continuation_without_touch,continuation_without_touch,False,False,False,0.125,0.28624488204328274,0.2644284023904034,0.0
2882,bull,17754,4738.515,4747.445,4742.98,8.929999999999382,0.28991023706672764,0.22269326683290025,0.22269326683290025,4,17802.0,17802.0,17802.0,,,17753,,17802.0,2026-01-20 18:00:00+00:00,full_fill,,,,,unknown,s,mixed,True,True,False,False,False,False,True,17802.0,True,48.0,48.0,48.0,,late,1.0,17802.0,full_fill,1.0,True,,,unknown,,,False,,,False,,,False,,,False,,,False,False,False,False,False,0.0,0.0,2.6212040919114385,0.18212725979223107,14.392156862743565,-0.08646591772669458,2.0902951711532465,-0.04136541045492157,False,True,1.0,0.0,0.0,0.0,4.0582563476516045,0.18212725979223107,22.282531194293608,-0.08646591772669458,3.3096117302172536,-0.02612569835224106,False,True,1.0,0.0,0.0,0.0,4.0582563476516045,0.18212725979223107,22.282531194293608,-0.08646591772669458,3.3096117302172536,-0.02612569835224106,False,True,1.0,0.0,0.0,0.0,4.0582563476516045,0.2550106284613035,15.914067472946222,0.3597396785852872,3.3096117302172536,0.10869543254902372,False,True,1.0,0.0,0.0,0.0,10.697298170736701,0.2550106284613035,41.94844048376579,1.300265509882393,3.3096117302172536,0.3928755442853834,False,True,1.0,0.0,True,False,True,False,True,False,True,False,True,False,True,False,True,False,True,False,True,False,True,True,True,True,True,False,True,False,True,False,full_fill,True,False,True,,False,True,invalidated,invalidated,invalidated,False,False,False,0.0,0.43340399002493507,0.14700569578179745,0.25
2883,bull,17756,4766.295,4817.27,4791.7825,50.975000000000364,1.3911469190732324,0.5903300521134933,0.5903300521134933,4,17759.0,17759.0,17760.0,,,17755,,17760.0,2026-01-21 02:00:00+00:00,full_fill,,,,,unknown,xl,clean,True,True,False,False,False,False,True,17759.0,True,3.0,3.0,4.0,,fast,0.2860225600784842,17760.0,full_fill,1.0,True,,,unknown,,,False,,,False,,,False,,,False,,,False,False,False,False,False,0.0,0.0,0.5032417692537701,1.0190372919704627,0.4938403856454321,0.6874485825732882,1.7711513726556443,0.3881365495838651,True,False,1.0,0.0,0.2860225600784842,0.2860225600784842,0.5032417692537701,1.8400800592155426,0.27348906192065936,0.6874485825732882,1.7711513726556443,0.3881365495838651,True,False,1.0,0.2860225600784842,0.8814124570868067,1.0,0.5032417692537701,3.1226097200658796,0.16116063625240776,0.6874485825732882,1.7711513726556443,0.3881365495838651,True,False,1.0,1.0,0.0,1.0,1.9300031410859961,3.1226097200658796,0.6180737633280914,3.525063438679418,1.7711513726556443,1.9902666102412117,True,False,1.0,1.0,0.0,1.0,6.59440482178045,3.1226097200658796,2.1118248557944423,7.124705616918386,1.7711513726556443,4.022640710960625,True,False,1.0,1.0,True,False,True,True,False,False,False,False,False,False,True,True,True,True,True,True,False,True,True,True,True,True,True,True,True,True,False,False,full_fill,True,False,True,,False,True,full_fill,full_fill,full_fill,False,False,False,0.4731924109209295,0.588549507817024,0.5928794588371983,0.42139392158195554
2884,bull,17766,4836.405,4901.44,4868.9225,65.03499999999985,1.4364550436774641,0.7571453518831156,0.7571453518831156,4,17801.0,17769.0,17801.0,,,17765,,17801.0,2026-01-22 18:00:00+00:00,full_fill,,,,,unknown,xl,clean,True,True,False,False,False,False,True,17801.0,True,35.0,3.0,35.0,,late,1.0,17801.0,full_fill,1.0,True,,,unknown,,,False,,,False,,,False,,,False,,,False,False,False,False,False,0.0,0.0,0.6913360939048973,0.12081816081980645,5.722120658135051,0.6952884362640377,1.1898255789610963,0.5843616480922634,True,False,1.0,0.0,0.02298762204966394,0.02298762204966394,0.6913360939048973,0.8046445335768518,0.8591819928630231,0.6952884362640377,2.5035787317444824,0.2777178234692719,False,True,1.0,0.02298762204966394,0.0,0.02298762204966394,1.1478829648638171,0.8046445335768518,1.426571506999721,0.6952884362640377,3.185038187452908,0.2182983045550432,False,True,1.0,0.02298762204966394,0.0,0.02298762204966394,3.8735804303057715,0.8046445335768518,4.814026900905808,0.7076243135205926,3.185038187452908,0.22217137499581555,False,True,1.0,0.02298762204966394,0.0,0.02298762204966394,7.2898409301227005,0.8046445335768518,9.059703541037536,1.716286692195279,3.185038187452908,0.5388590626499843,False,True,2.0,0.02298762204966394,False,True,True,True,True,False,False,False,False,False,True,True,True,False,True,False,True,False,True,True,True,True,True,True,True,False,True,False,full_fill,False,False,True,,False,True,invalidated,invalidated,invalidated,False,False,False,0.13905768725280754,0.30897427837253455,0.34525263673917306,0.2545975244099328
2885,bull,17767,4906.32,4930.905,4918.612499999999,24.585000000000036,0.550404178601456,0.6240639675085611,0.6240639675085611,4,17769.0,17769.0,17769.0,,,17766,,17769.0,2026-01-22 22:00:00+00:00,full_fill,,,,,unknown,m,clean,True,True,False,False,False,False,True,17769.0,True,2.0,2.0,2.0,,fast,1.0,17769.0,full_fill,1.0,True,,,unknown,,,False,,,False,,,False,,,False,,,False,False,False,False,False,0.0,0.0,0.2991010708202465,0.35406313136391265,0.8447676256718887,0.6498749205049648,0.14731980661575608,4.4113207547168996,True,False,1.0,0.0,0.7651006711409177,1.0,0.2991010708202465,1.2081578807495468,0.24756786806264328,1.58504993442582,0.14731980661575608,10.759245283018831,True,False,1.0,1.0,0.0,1.0,0.8079758716992718,1.2081578807495468,0.6687667932919493,3.876679016808731,0.14731980661575608,26.314716981132083,True,False,1.0,1.0,0.0,1.0,3.5336910941815645,1.2081578807495468,2.9248587047160144,4.292398833364432,0.14731980661575608,29.13660377358487,True,False,1.0,1.0,0.0,1.0,8.008565498039971,1.2081578807495468,6.62874085055127,8.737120787531579,0.14731980661575608,59.30716981132074,True,False,1.0,1.0,True,False,True,True,False,True,False,True,False,True,True,True,True,True,True,True,True,True,True,True,True,True,True,True,True,True,False,False,full_fill,True,False,True,,False,True,full_fill,full_fill,full_fill,True,True,False,0.8315850241730305,0.5936095951262842,0.6791613858902653,0.21841497582696953
2886,bull,17772,4947.945,4958.42,4953.1825,10.475000000000364,0.23728899361866818,0.18904529868255535,0.18904529868255535,4,17799.0,17799.0,17799.0,,,17771,,17799.0,2026-01-23 18:00:00+00:00,full_fill,,,,,unknown,xs,dirty,True,True,False,False,False,False,True,17799.0,True,27.0,27.0,27.0,,late,1.0,17799.0,full_fill,1.0,True,,,unknown,,,False,,,False,,,False,,,False,,,False,False,False,False,False,0.0,0.0,2.1924596894875386,-0.3417188036980901,2192459689487.5386,1.0507368109518678,0.1705912435143023,6.1593830334191475,True,False,1.0,0.0,0.0,0.0,2.7822276082332933,-0.3417188036980901,2782227608233.2935,1.0507368109518678,2.6379649432339627,0.39831340960268297,False,True,2.0,0.0,0.0,0.0,2.7822276082332933,-0.3417188036980901,2782227608233.2935,1.0507368109518678,4.111252955402967,0.2555758116442337,False,True,2.0,0.0,0.0,0.0,2.7822276082332933,-0.030581397745590592,2782227608233.2935,1.0507368109518678,4.875465048631698,0.21551519710858305,False,True,2.0,0.0,0.0,0.0,13.812597981764,-0.030581397745590592,13812597981764.0,1.0507368109518678,4.875465048631698,0.21551519710858305,False,True,3.0,0.0,True,False,True,True,True,True,True,False,True,False,True,True,True,True,True,False,True,False,True,True,True,True,True,False,True,False,True,False,full_fill,True,False,True,,False,True,invalidated,invalidated,invalidated,False,False,True,0.21014736219037355,0.4283567948023833,0.25430878038779037,0.25
2887,bull,17773,4988.345,5004.015,4996.18,15.670000000000073,0.32710900668279,0.49620012666244806,0.49620012666244806,7,,,,,,17772,17774.0,17774.0,2026-01-25 22:00:00+00:00,merged,,,,,unknown,s,mixed,True,False,False,False,True,False,False,,False,,,,,untouched,,17774.0,merged,0.0,False,17784.0,11.0,8_12,17775.0,2.0,True,17784.0,11.0,True,17784.0,11.0,True,17774.0,1.0,True,17775.0,2.0,True,False,False,False,False,0.0,0.0,0.45715936479599534,0.38931608006597873,1.1742627345845025,,,,,,,,0.0,0.0,0.8474148134197755,0.38931608006597873,2.1766756032172143,,,,,,,,0.8765156349713158,0.8765156349713158,0.8474148134197755,1.6882540469349407,0.5019474497681639,,,,,,,,0.0,0.8765156349713158,0.8474148134197755,1.6882540469349407,0.5019474497681639,,,,,,,,0.0,0.8765156349713158,11.012008854520625,1.6882540469349407,6.522720247295215,,,,,,,,,,True,False,False,False,False,False,False,False,True,False,False,False,False,False,False,False,True,False,True,False,True,False,True,False,False,False,merged,False,True,True,,False,True,untouched,untouched,continuation_without_touch,False,False,False,0.125,0.09912689200510405,0.13714625722564802,0.17530312699426318
2888,bull,17774,4990.0,5052.505,5021.2525000000005,62.50500000000011,1.3192498732055695,0.7650550795593666,0.7650550795593666,7,,,,,,17773,17774.0,17774.0,2026-01-26 02:00:00+00:00,merged,,,,,unknown,xl,clean,True,False,False,False,True,False,False,,False,,,,,untouched,,17774.0,merged,0.0,False,17784.0,10.0,8_12,17775.0,1.0,True,17784.0,10.0,True,17784.0,10.0,True,17784.0,10.0,True,17784.0,10.0,True,False,False,False,False,0.0,0.0,0.7876874692909589,0.1861576494948231,4.231292517006473,,,,,,,,0.0,0.0,0.7876874692909589,0.417166206606007,1.8881861877054942,,,,,,,,0.62035037197025,0.9955203583713343,0.7876874692909589,1.7760959416086586,0.4434937611408136,,,,,,,,0.0,0.9955203583713343,2.45033699751699,1.7760959416086586,1.3796197266785335,,,,,,,,0.0,0.9955203583713343,11.064982737829272,1.7760959416086586,6.229946524064131,,,,,,,,,,True,False,False,False,False,False,False,False,True,False,True,False,True,False,True,False,True,False,True,False,True,False,True,False,False,False,merged,False,True,True,,False,True,untouched,continuation_without_touch,continuation_without_touch,False,False,False,0.125,0.1156541902596381,0.2735635306589855,0.19910407167426689
2889,bull,17785,5103.34,5157.295,5130.3175,53.95499999999993,0.9848329179889963,0.47308198158702564,0.47308198158702564,4,17795.0,17795.0,17795.0,,,17784,,17795.0,2026-01-27 22:00:00+00:00,full_fill,,,,,unknown,l,mixed,True,True,False,False,False,False,True,17795.0,True,10.0,10.0,10.0,,delayed,1.0,17795.0,full_fill,1.0,True,,,unknown,,,False,,,False,,,False,,,False,,,False,False,False,False,False,0.0,0.0,1.122641990935287,0.05649259347931051,19.872374798059788,0.897629970831567,0.5136366855423891,1.7475970780468875,True,False,1.0,0.0,0.0,0.0,1.9478536714520625,0.05649259347931051,34.479806138930975,1.1448706975901464,2.200136379392191,0.5203635139683604,True,False,2.0,0.0,0.0,0.0,3.9177933002902194,0.05649259347931051,69.35056542810426,1.1448706975901464,3.872713971615422,0.2956249043903925,False,True,2.0,0.0,1.0,1.0,7.187336372012566,1.9494964286130143,3.6867656008613756,1.1448706975901464,9.208433473734788,0.12432849744266065,False,True,2.0,1.0,1.0,1.0,7.187336372012566,14.646640318448924,0.49071570105803647,1.1448706975901464,9.208433473734788,0.12432849744266065,False,True,2.0,1.0,True,False,True,True,True,True,True,False,True,False,True,True,True,True,True,False,True,False,True,True,True,True,True,False,True,False,True,False,full_fill,True,False,True,,False,True,invalidated,invalidated,invalidated,False,False,True,0.22897413951802928,0.2709622972380539,0.3249874067762958,0.45
2890,bull,17786,5190.525,5201.82,5196.1725,11.295000000000073,0.2035613890681459,0.1659565089626823,0.1659565089626823,4,17795.0,17795.0,17795.0,,,17785,,17795.0,2026-01-28 02:00:00+00:00,full_fill,,,,,unknown,xs,dirty,True,True,False,False,False,False,True,17795.0,True,9.0,9.0,9.0,,delayed,1.0,17795.0,full_fill,1.0,True,,,unknown,,,False,,,False,,,False,,,False,,,False,False,False,False,False,0.0,0.0,0.9058887314307528,0.1707608819318777,5.305013192612478,0.897629970831567,0.5136366855423891,1.7475970780468875,True,False,1.0,0.0,0.0,0.0,0.9058887314307528,0.46127965942443794,1.963860128931495,1.1448706975901464,2.200136379392191,0.5203635139683604,False,True,2.0,0.0,0.0,0.0,6.079177508058547,0.46127965942443794,13.178941199453376,1.1448706975901464,3.872713971615422,0.2956249043903925,False,True,2.0,0.0,0.0,1.0,6.079177508058547,2.9422235123789253,2.0661848029156857,1.1448706975901464,9.208433473734788,0.12432849744266065,False,True,2.0,1.0,1.0,1.0,6.079177508058547,15.478955807246395,0.3927382172131153,1.1448706975901464,9.208433473734788,0.12432849744266065,False,True,2.0,1.0,True,False,True,True,True,True,True,False,True,False,True,True,True,True,True,False,True,False,True,True,True,True,True,False,True,False,True,False,full_fill,True,False,True,,False,True,invalidated,invalidated,invalidated,False,False,True,0.22897413951802928,0.22489347634440235,0.20930066436343617,0.45
2891,bull,17787,5225.355,5251.89,5238.6224999999995,26.535000000000764,0.47561659298115044,0.41075851393189805,0.41075851393189805,4,17788.0,17788.0,17795.0,,,17786,,17795.0,2026-01-28 06:00:00+00:00,full_fill,,,,,unknown,s,mixed,True,True,False,False,False,False,True,17788.0,True,1.0,1.0,8.0,,immediate,0.5016016581873004,17795.0,full_fill,1.0,True,,,unknown,,,False,,,False,,,False,,,False,,,False,False,False,False,False,0.5016016581873004,0.5016016581873004,0.20343879142022395,0.7127527348745076,0.2854268829372403,0.7313806908637064,0.5568302695727427,1.3134715025907207,True,False,1.0,0.5016016581873004,0.0,0.6074995289240409,2.5310653512291816,0.7631195193582744,3.3167351732237376,5.987187642689214,0.5568302695727427,10.752266839378539,True,False,1.0,0.6074995289240409,0.0,0.6074995289240409,5.741723810537496,0.7631195193582744,7.5240164415737265,5.987187642689214,0.5568302695727427,10.752266839378539,True,False,1.0,0.6074995289240409,0.0,1.0,5.741723810537496,3.230554235385546,1.777318500846112,5.987187642689214,3.03912479384043,1.970036786519525,False,True,3.0,1.0,1.0,1.0,5.741723810537496,15.699022013508902,0.36573767497088555,5.987187642689214,15.58268231558749,0.3842206060185273,False,True,3.0,1.0,True,False,True,True,True,True,True,True,True,True,True,True,True,True,True,True,True,True,True,True,True,True,True,True,True,True,True,False,full_fill,True,False,True,,False,True,touched_rejected,invalidated,invalidated,False,False,True,0.8551559675753122,0.5616137770897847,0.674154772169688,0.2696037836965929
2892,bull,17791,5307.21,5432.6,5369.905000000001,125.39000000000033,1.7489554794772808,0.8324094665914306,0.8324094665914306,7,,,,,,17790,17792.0,17792.0,2026-01-28 22:00:00+00:00,merged,,,,,unknown,xl,clean,True,False,False,False,True,False,False,,False,,,,,untouched,,17792.0,merged,0.0,False,,,unknown,17793.0,2.0,True,,,False,,,False,,,False,,,False,False,False,False,False,0.0,0.0,0.2643867223342503,0.5729890030857834,0.461416747809152,,,,,,,,0.0,0.0,0.6973365435558356,1.0449935762216895,0.6673117992525339,,,,,,,,1.0,1.0,0.6973365435558356,6.244436387328995,0.11167325604771121,,,,,,,,1.0,1.0,0.6973365435558356,10.391702337487509,0.06710513070031186,,,,,,,,1.0,1.0,0.6973365435558356,15.94710131604245,0.04372810642736242,,,,,,,,,,True,False,False,False,False,False,False,False,True,False,False,False,False,False,False,False,True,False,False,False,False,False,False,False,False,False,merged,False,True,True,,False,True,untouched,untouched,untouched,False,False,False,0.125,0.12486141998871458,0.2999653549971787,0.2
2893,bull,17792,5419.555,5504.72,5462.137500000001,85.16499999999996,1.2018528703649674,0.5127950385356455,0.5127950385356455,7,,,,,,17791,17792.0,17792.0,2026-01-29 02:00:00+00:00,merged,,,,,unknown,l,clean,True,False,False,False,True,False,False,,False,,,,,untouched,,17792.0,merged,0.0,False,,,unknown,,,False,,,False,,,False,,,False,,,False,False,False,False,False,0.3607702694769022,0.3607702694769022,0.46654442428540266,1.2523034546607994,0.3725490196078486,,,,,,,,1.0,1.0,0.46654442428540266,6.556811952014597,0.07115415657788626,,,,,,,,1.0,1.0,0.46654442428540266,6.556811952014597,0.07115415657788626,,,,,,,,1.0,1.0,0.46654442428540266,12.413383906054563,0.03758398417516501,,,,,,,,1.0,1.0,0.46654442428540266,16.373507812375436,0.02849385908209472,,,,,,,,,,False,False,False,False,False,False,False,False,False,False,False,False,False,False,False,False,False,False,False,False,False,False,False,False,False,False,merged,False,True,True,,False,True,untouched,untouched,untouched,False,False,False,0.125,0.07691925578034682,0.24822686332708238,0.2
2894,bear,17796,5426.005,5470.88,5448.4425,44.875,0.43044337715017916,0.0993810140739018,0.0993810140739018,6,17797.0,17797.0,,,17844.0,17795,,17844.0,2026-01-29 18:00:00+00:00,expired,,,,,unknown,s,dirty,True,False,False,True,False,False,True,17797.0,True,1.0,1.0,,,immediate,0.5579944289693585,17844.0,expired,0.5579944289693585,True,,,unknown,,,False,,,False,,,False,,,False,,,False,False,False,False,False,0.5579944289693585,0.5579944289693585,0.761273284178805,0.7762368868162302,0.9807228915662601,1.740694945202009,0.11255767303803452,15.464915880180007,True,False,1.0,0.5579944289693585,0.0,0.5579944289693585,4.098156672323749,0.7762368868162302,5.279518072289143,3.305463679241999,0.11255767303803452,29.3668444809182,True,False,1.0,0.5579944289693585,0.0,0.5579944289693585,5.461187399745267,0.7762368868162302,7.035464936669743,5.705062097386382,0.11255767303803452,50.68567911366271,True,False,1.0,0.5579944289693585,0.0,0.5579944289693585,9.281606178244317,0.7762368868162302,11.957182576459662,8.297260226884307,0.11255767303803452,73.71563397619785,True,False,1.0,0.5579944289693585,0.0,0.5579944289693585,9.281606178244317,0.7762368868162302,11.957182576459662,8.297260226884307,0.11255767303803452,73.71563397619785,True,False,1.0,0.5579944289693585,True,False,True,True,True,True,True,True,True,True,True,True,True,True,True,True,True,True,True,True,True,True,True,True,True,True,False,False,expired,True,False,True,,False,True,touched_rejected,touched_rejected,touched_rejected,True,True,False,0.9022311265248419,0.6033082663172136,0.7044466364546571,0.125668594923626
2895,bear,17799,5205.615,5290.755,5248.1849999999995,85.14000000000033,0.6788566708487064,0.4243738317757026,0.4243738317757026,6,,,,,17847.0,17798,,17847.0,2026-01-30 06:00:00+00:00,expired,,,,,unknown,m,mixed,True,False,False,True,False,False,False,,False,,,,,untouched,,17847.0,expired,0.0,False,17801.0,2.0,1_3,17801.0,2.0,True,17801.0,2.0,True,17801.0,2.0,True,17801.0,2.0,True,17801.0,2.0,True,True,True,True,True,0.0,0.0,0.1705912435143023,1.0507368109518678,0.16235392320533895,,,,,,,,0.0,0.0,2.6379649432339627,1.0507368109518678,2.510585824859621,,,,,,,,0.0,0.0,4.111252955402967,1.0507368109518678,3.912733343451213,,,,,,,,0.0,0.0,4.875465048631698,1.0507368109518678,4.64004401274853,,,,,,,,0.0,0.0,4.875465048631698,1.0507368109518678,4.64004401274853,,,,,,,,,,True,False,True,False,True,False,True,False,True,False,True,False,True,False,True,False,True,False,True,False,True,False,True,False,False,False,expired,False,False,True,,False,True,continuation_without_touch,continuation_without_touch,continuation_without_touch,False,False,False,0.125,0.2636560747663554,0.22517824147141635,0.0
2896,bear,17802,4948.24,4992.555,4970.3975,44.31500000000051,0.2963447133842767,0.1416448251614154,0.1416448251614154,4,17811.0,17811.0,17813.0,,,17801,,17813.0,2026-01-30 18:00:00+00:00,full_fill,,,,,unknown,s,dirty,True,True,False,False,False,False,True,17811.0,True,9.0,9.0,11.0,,delayed,0.039151528827723395,17813.0,full_fill,1.0,True,,,unknown,,,False,,,False,,,False,,,False,,,False,False,False,False,False,0.0,0.0,2.0902951711532465,-0.08646591772669458,2090295171153.2466,0.19328586072928655,0.20940049010795242,0.9230439748715092,True,False,1.0,0.0,0.0,0.0,3.3096117302172536,-0.08646591772669458,3309611730217.254,0.21224073090753423,0.46415514119446105,0.45726247987117413,True,False,1.0,0.0,0.0,0.0,3.3096117302172536,-0.08646591772669458,3309611730217.254,0.21224073090753423,1.0419797089152578,0.20368988867209828,False,True,1.0,0.0,0.06668171048177578,0.06668171048177578,3.3096117302172536,0.3597396785852872,9.200018589088192,0.40178943269001094,1.050380842227697,0.3825178607007693,False,True,1.0,0.06668171048177578,0.31727406070179937,1.0,3.3096117302172536,1.300265509882393,2.5453353219502093,1.5605777816469217,1.050380842227697,1.485725671021546,False,True,2.0,1.0,True,False,True,False,True,False,True,False,True,False,True,False,True,False,True,False,True,False,True,True,True,True,True,True,True,False,True,False,full_fill,True,False,True,,False,True,invalidated,invalidated,invalidated,False,False,False,0.3063279532429411,0.4079103816778572,0.30997059815431877,0.14358380571076237
2897,bull,17810,4712.92,4745.765,4729.342500000001,32.845000000000255,0.19337731651036905,0.20433619509767398,0.20433619509767398,4,17827.0,17827.0,17827.0,,,17809,,17827.0,2026-02-03 02:00:00+00:00,full_fill,,,,,unknown,xs,mixed,True,True,False,False,False,False,True,17827.0,True,17.0,17.0,17.0,,late,1.0,17827.0,full_fill,1.0,True,,,unknown,,,False,,,False,,,False,,,False,,,False,False,False,False,False,0.0,0.0,0.7340036550265653,0.050868625807570074,14.429398148147609,0.9834744469588219,0.10623019442846646,9.25795582178922,True,False,1.0,0.0,0.0,0.0,0.9920265168340496,0.050868625807570074,19.501736111110358,1.3038354413883535,0.10623019442846646,12.273680269561526,True,False,1.0,0.0,0.0,0.0,1.3445449161660106,0.050868625807570074,26.431712962961946,1.5653343288339328,0.10623019442846646,14.735305129164583,True,False,1.0,0.0,0.0,0.0,1.5692441180115935,0.050868625807570074,30.848958333332146,2.4370900876049846,0.10623019442846646,22.94159490827326,True,False,1.0,0.0,0.0,1.0,1.5692441180115935,1.001593822035126,1.5667470021161534,2.48286730729317,0.10623019442846646,23.372519655558847,True,False,1.0,1.0,True,False,True,True,True,True,False,True,False,False,True,True,True,True,True,True,False,True,True,True,True,True,True,True,False,True,True,False,full_fill,True,False,True,,False,True,touched_rejected,touched_rejected,full_fill,True,True,False,0.7497880914632282,0.7306504292646511,0.6208296998223208,0.013278774303558307
2898,bull,17812,4842.18,4883.85,4863.015,41.67000000000007,0.2602682750992737,0.312579701447753,0.312579701447753,4,17820.0,17814.0,17822.0,,,17811,,17822.0,2026-02-03 10:00:00+00:00,full_fill,,,,,unknown,s,mixed,True,True,False,False,False,False,True,17820.0,True,8.0,2.0,10.0,,delayed,0.26253899688026133,17822.0,full_fill,1.0,True,,,unknown,,,False,,,False,,,False,,,False,,,False,False,False,False,False,0.0,0.0,0.3794407898315539,0.2453092513684689,1.5467854869509652,0.4415770824468171,0.21966436331493497,2.010235414534326,True,False,1.0,0.0,0.0,0.07607391408687467,0.753416383101748,0.32709982162104423,2.3033225128890633,0.4415770824468171,1.3132646326740576,0.33624379387091374,True,False,2.0,0.07607391408687467,0.0,0.07607391408687467,0.9917926422609453,0.32709982162104423,3.032079434790916,0.4415770824468171,1.3132646326740576,0.33624379387091374,False,True,2.0,0.07607391408687467,1.0,1.0,0.9917926422609453,0.894231076217014,1.1091010686596345,0.4415770824468171,2.3227389218827104,0.1901105106074057,False,True,2.0,1.0,0.0,1.0,0.9917926422609453,1.7355278200254263,0.5714645601281201,0.9108838866358804,2.3227389218827104,0.39215939340163025,False,True,2.0,1.0,True,False,True,False,False,False,False,False,False,False,True,False,False,False,False,False,False,False,True,True,False,False,False,False,False,False,False,False,full_fill,True,False,True,,False,True,invalidated,invalidated,invalidated,False,False,False,0.28477648787306703,0.24688695521716297,0.25305124381438077,0.36415807908425724
2899,bull,17816,4964.27,5035.69,4999.98,71.41999999999916,0.4982845262873733,0.49754432407955085,0.49754432407955085,5,17818.0,17818.0,,17819.0,,17815,,17819.0,2026-02-04 02:00:00+00:00,invalidated,,,,,unknown,s,mixed,True,False,True,False,False,False,True,17818.0,True,2.0,2.0,,3.0,fast,0.30677681321758765,17819.0,invalidated,1.0,True,,,unknown,,,False,,,False,,,False,,,False,,,False,False,False,False,False,0.0,0.0,0.08654745937545241,0.2521422959958841,0.34324847814055437,0.03898511332999339,1.5729362392034416,0.024784929203319792,False,True,1.0,0.0,1.0,1.0,0.08654745937545241,1.6078431882604085,0.05382829619665314,0.03898511332999339,1.5729362392034416,0.024784929203319792,False,True,1.0,1.0,1.0,1.0,0.08654745937545241,1.6078431882604085,0.05382829619665314,0.03898511332999339,2.02603755637217,0.019242048701111084,False,True,1.0,1.0,1.0,1.0,0.08654745937545241,2.23041977329617,0.0388032156151263,0.03898511332999339,3.0587022250023272,0.012745638660515155,False,True,1.0,1.0,0.7407588910669332,1.0,0.08654745937545241,2.9599161338199464,0.029239835002945778,0.24920572444279676,3.0587022250023272,0.08147433326649087,False,True,1.0,1.0,True,False,False,False,False,False,False,False,False,False,False,False,False,False,False,False,False,False,False,False,False,False,False,False,False,False,False,False,invalidated,True,False,True,,False,True,invalidated,invalidated,invalidated,False,False,False,0.11178050068336053,0.2746316486119326,0.1965751243671479,0.8666666666666667
2900,bear,17820,4971.18,5013.78,4992.48,42.599999999999454,0.31926652600533173,0.20261593341260145,0.20261593341260145,4,17821.0,17821.0,17821.0,,,17819,,17821.0,2026-02-04 18:00:00+00:00,full_fill,,,,,unknown,s,mixed,True,True,False,False,False,False,True,17821.0,True,1.0,1.0,1.0,,immediate,1.0,17821.0,full_fill,1.0,True,,,unknown,,,False,,,False,,,False,,,False,,,False,False,False,False,False,1.0,1.0,0.21966436331493497,0.4415770824468171,0.49745417515274026,1.2998627649081573,0.024385147440595813,53.30551181102054,True,False,1.0,1.0,0.0,1.0,1.3132646326740576,0.4415770824468171,2.974032586558034,1.2998627649081573,0.024385147440595813,53.30551181102054,True,False,1.0,1.0,0.0,1.0,1.3132646326740576,0.4415770824468171,2.974032586558034,1.531310455655344,0.024385147440595813,62.79685039369723,True,False,1.0,1.0,0.0,1.0,2.3227389218827104,0.4415770824468171,5.260098438560742,2.334369043494254,0.07188818269100969,32.472222222223316,True,False,1.0,1.0,1.0,1.0,2.3227389218827104,0.9108838866358804,2.5499835445120893,2.334369043494254,0.9794380873580454,2.383375808664971,False,True,2.0,1.0,True,False,True,True,True,True,False,True,False,False,True,True,True,True,True,True,True,True,True,True,True,True,True,True,True,True,False,False,full_fill,True,False,True,,False,True,full_fill,full_fill,invalidated,True,True,False,0.7532139477009943,0.5303923900118902,0.5894346388725636,0.2030481434300745
2901,bear,17827,4785.005,4800.61,4792.8075,15.604999999999563,0.12412745668709203,0.13511407420234278,0.13511407420234278,5,17828.0,17828.0,,17828.0,,17826,,17828.0,2026-02-05 22:00:00+00:00,invalidated,,,,,unknown,xs,dirty,True,False,True,False,False,False,True,17828.0,True,1.0,1.0,,1.0,immediate,1.0,17828.0,invalidated,1.0,True,,,unknown,,,False,,,False,,,False,,,False,,,False,False,False,False,False,1.0,1.0,0.10623019442846646,0.9834744469588219,0.10801520543513858,0.5659441557761491,0.046236621901964134,12.240170940172161,False,True,1.0,1.0,1.0,1.0,0.10623019442846646,1.3038354413883535,0.08147515480584738,0.5659441557761491,0.5606486794215569,1.0094452667935572,False,True,1.0,1.0,1.0,1.0,0.10623019442846646,1.5653343288339328,0.06786422074292633,0.5659441557761491,1.1885182937621375,0.4761762261014163,False,True,1.0,1.0,1.0,1.0,0.10623019442846646,2.4370900876049846,0.043588948545132636,0.5659441557761491,1.4945889233610612,0.37866208355367886,False,True,1.0,1.0,1.0,1.0,0.10623019442846646,2.48286730729317,0.0427852886525293,0.5659441557761491,1.752921228808216,0.3228577225691572,False,True,1.0,1.0,False,True,False,True,False,False,False,False,False,False,False,True,False,False,False,False,False,False,False,True,False,False,False,False,False,False,False,False,invalidated,False,False,True,,False,True,invalidated,invalidated,invalidated,False,False,False,0.21462404443496264,0.020267111130351418,0.13966032978009624,0.8985647867202671
2902,bull,17829,4785.005,4825.945,4805.475,40.9399999999996,0.3327962288286882,0.2988430234680071,0.2988430234680071,6,,,,,17877.0,17828,,17877.0,2026-02-06 06:00:00+00:00,expired,,,,,unknown,s,mixed,True,False,False,True,False,False,False,,False,,,,,untouched,,17877.0,expired,0.0,False,17833.0,4.0,4_7,17830.0,1.0,True,17833.0,4.0,True,17837.0,8.0,True,17830.0,1.0,True,17830.0,1.0,True,True,True,True,True,0.0,0.0,0.5821901785224926,0.11998222612387784,4.852303523035151,,,,,,,,0.0,0.0,0.8494270134698114,0.11998222612387784,7.079607046070349,,,,,,,,0.0,0.0,1.4723022219211666,0.11998222612387784,12.271002710026911,,,,,,,,0.0,0.0,1.7870929879541635,0.11998222612387784,14.8946476964767,,,,,,,,0.0,0.0,2.0527853362508397,0.11998222612387784,17.10907859078564,,,,,,,,,,True,False,True,False,False,False,False,False,True,False,True,False,True,False,False,False,True,False,True,False,True,False,True,False,False,False,expired,False,False,True,,False,True,continuation_without_touch,continuation_without_touch,continuation_without_touch,False,False,False,0.125,0.24482645352020108,0.17432944389054203,0.0
2903,bull,17838,5024.985,5044.47,5034.7275,19.485000000000582,0.21003769213169873,0.24848562137346636,0.24848562137346636,4,17839.0,17839.0,17839.0,,,17837,,17839.0,2026-02-09 18:00:00+00:00,full_fill,,,,,unknown,xs,mixed,True,True,False,False,False,False,True,17839.0,True,1.0,1.0,1.0,,immediate,1.0,17839.0,full_fill,1.0,True,,,unknown,,,False,,,False,,,False,,,False,,,False,False,False,False,False,1.0,1.0,0.06397606891463581,0.759951618952236,0.08418439716312624,0.2539782150799872,0.23585640820130588,1.0768340661883318,True,False,1.0,1.0,1.0,1.0,0.06397606891463581,0.759951618952236,0.08418439716312624,0.33290632576249196,0.23585640820130588,1.41147882434618,True,False,1.0,1.0,1.0,1.0,0.2210327368314281,0.759951618952236,0.29085106382978876,0.49829510540838967,0.3722066298367696,1.3387593488781107,True,False,1.0,1.0,1.0,1.0,0.6590559146487937,0.759951618952236,0.8672340425531961,0.9418972876467561,0.3722066298367696,2.530576330840273,True,False,2.0,1.0,1.0,1.0,0.6590559146487937,1.9370142718811605,0.3402431898494695,0.9418972876467561,1.6872384711664938,0.558247872925493,False,True,3.0,1.0,False,False,False,False,False,False,False,False,False,False,True,True,False,False,False,False,False,False,True,True,False,False,False,False,False,False,False,False,full_fill,False,False,True,,False,True,full_fill,full_fill,invalidated,False,False,False,0.5031331923520818,0.3372728432060199,0.3890464922127098,0.24652582872959622
2904,bear,17856,4958.15,5048.925,5003.5375,90.77500000000055,1.3329188518727533,0.455217892783715,0.455217892783715,7,17857.0,17857.0,,,,17855,17870.0,17870.0,2026-02-12 18:00:00+00:00,merged,,,,,unknown,xl,mixed,True,False,False,False,True,False,True,17857.0,True,1.0,1.0,,,immediate,0.33792343706967776,17870.0,merged,0.9733957587441482,True,,,unknown,,,False,,,False,,,False,,,False,,,False,False,False,False,False,0.33792343706967776,0.33792343706967776,0.4687058083368562,0.9811692391312195,0.4777012870398116,0.5109486636158781,0.23587717785747542,2.1661640530760025,True,False,1.0,0.33792343706967776,0.34701184246763767,0.4329385844120071,0.4687058083368562,1.1078167202372775,0.42308966797004705,0.6645249081859308,0.2662509881545661,2.4958589366817883,True,False,1.0,0.4329385844120071,0.8322225282291338,0.8322225282291338,0.4687058083368562,1.640029816201227,0.2857910287402649,0.6645249081859308,0.9338346172837655,0.7116087751371084,True,False,1.0,0.8322225282291338,0.650784907738919,0.9733957587441482,0.4687058083368562,1.8282022765344674,0.25637524597405764,0.6645249081859308,0.9338346172837655,0.7116087751371084,True,False,1.0,0.9733957587441482,0.0,0.9733957587441482,1.1637618684128292,1.8282022765344674,0.6365607806915389,1.964979240390508,0.9338346172837655,2.1042047531992565,True,False,1.0,0.9733957587441482,True,False,False,True,False,False,False,False,False,False,False,True,False,False,False,False,False,False,True,True,True,True,False,True,False,False,False,False,merged,True,False,True,,False,True,touched_rejected,touched_rejected,touched_rejected,False,False,False,0.5654871389162638,0.5736035321687276,0.6321413230291608,0.31140847890930035
2905,bull,17862,4999.585,5015.485,5007.535,15.899999999999636,0.24591565558035114,0.2288428324697717,0.2288428324697717,5,17863.0,17863.0,,17864.0,,17861,,17864.0,2026-02-13 18:00:00+00:00,invalidated,,,,,unknown,xs,mixed,True,False,True,False,False,False,True,17863.0,True,1.0,1.0,,2.0,immediate,0.9518867924528085,17864.0,invalidated,1.0,True,,,unknown,,,False,,,False,,,False,,,False,,,False,False,False,False,False,0.9518867924528085,0.9518867924528085,-0.1528852990825082,0.6511351635177915,-0.23479809976247853,0.03449908556214245,1.008166380841183,0.03421963499056324,False,True,1.0,0.9518867924528085,1.0,1.0,-0.1528852990825082,1.191762945958757,-0.12828499124002724,0.03449908556214245,1.008166380841183,0.03421963499056324,False,True,1.0,1.0,1.0,1.0,-0.1528852990825082,1.191762945958757,-0.12828499124002724,0.03449908556214245,1.008166380841183,0.03421963499056324,False,True,1.0,1.0,1.0,1.0,-0.1528852990825082,2.8339072686785323,-0.053948589204825856,0.03449908556214245,2.9535182653325034,0.011680674525389666,False,True,1.0,1.0,1.0,1.0,-0.1528852990825082,3.088638768515547,-0.04949924887331111,0.03449908556214245,2.9535182653325034,0.011680674525389666,False,True,1.0,1.0,True,False,False,False,False,False,False,False,False,False,False,False,False,False,False,False,False,False,False,False,False,False,False,False,False,False,False,False,invalidated,True,False,True,,False,True,invalidated,invalidated,invalidated,False,False,False,0.13809600063935934,0.23432642487046576,0.16732316064664424,0.7760207976051477
2906,bear,17870,4971.445,4988.65,4980.0475,17.204999999999927,0.29090706362339874,0.21985815602836756,0.21985815602836756,7,,,,,,17869,17870.0,17870.0,2026-02-17 02:00:00+00:00,merged,,,,,unknown,s,mixed,True,False,False,False,True,False,False,,False,,,,,untouched,,17870.0,merged,0.0,False,,,unknown,17873.0,3.0,True,,,False,,,False,17872.0,2.0,True,17873.0,3.0,True,False,False,False,False,0.0,0.0,0.038719975338423446,0.7388921058031265,0.052402745995421635,,,,,,,,0.0,0.0,0.7809937383763282,0.9427214956304968,0.828445879293328,,,,,,,,0.0,0.0,0.7809937383763282,0.9427214956304968,0.828445879293328,,,,,,,,1.0,1.0,0.7809937383763282,2.0618809574865264,0.3787773176431946,,,,,,,,1.0,1.0,0.7809937383763282,2.70439583209793,0.28878677045233936,,,,,,,,,,True,False,False,False,False,False,False,False,True,False,False,False,False,False,False,False,True,False,False,False,False,False,False,False,False,False,merged,False,True,True,,False,True,untouched,untouched,untouched,False,False,False,0.125,0.03297872340425513,0.11578228933418362,0.2
2907,bull,17877,4893.55,4913.075,4903.3125,19.524999999999636,0.3531698162602736,0.3619091751621817,0.3619091751621817,6,17878.0,17878.0,,,17925.0,17876,,17925.0,2026-02-18 06:00:00+00:00,expired,,,,,unknown,s,mixed,True,False,False,True,False,False,True,17878.0,True,1.0,1.0,,,immediate,0.33879641485274803,17925.0,expired,0.33879641485274803,False,,,unknown,,,False,,,False,,,False,,,False,,,False,False,False,False,False,0.33879641485274803,0.33879641485274803,0.9343399159500478,0.19833582767190902,4.710898312813412,1.005035998894973,0.04398936311797254,22.847250509165704,True,False,1.0,0.33879641485274803,0.0,0.33879641485274803,1.6905122165268014,0.19833582767190902,8.523483812129392,1.005035998894973,0.04398936311797254,22.847250509165704,True,False,1.0,0.33879641485274803,0.0,0.33879641485274803,1.6905122165268014,0.19833582767190902,8.523483812129392,1.205899852480508,0.04398936311797254,27.413441955194365,True,False,1.0,0.33879641485274803,0.0,0.33879641485274803,1.8969876814492643,0.19833582767190902,9.564523483812003,1.209573098687914,0.04398936311797254,27.49694501018416,True,False,1.0,0.33879641485274803,0.0,0.33879641485274803,5.457174574429012,0.19833582767190902,27.514819881440566,5.073469743396612,0.04398936311797254,115.33401221996249,True,False,1.0,0.33879641485274803,True,False,True,True,True,True,True,False,False,False,True,True,True,True,True,False,False,False,True,True,True,True,True,True,True,True,False,False,expired,True,False,True,,False,True,touched_rejected,touched_rejected,touched_rejected,True,True,False,0.7848618378784429,0.6865270933037777,0.6503950929937913,0.07325795336029617
2908,bull,17879,4942.48,4952.34,4947.41,9.860000000000582,0.17605766267863523,0.15745768125200574,0.15745768125200574,6,,,,,17927.0,17878,,17927.0,2026-02-18 14:00:00+00:00,expired,,,,,unknown,xs,dirty,True,False,False,True,False,False,False,,False,,,,,untouched,,17927.0,expired,0.0,False,17891.0,12.0,8_12,17889.0,10.0,True,17891.0,12.0,True,17892.0,13.0,True,17883.0,4.0,True,17883.0,4.0,True,True,False,True,False,0.0,0.0,0.07160154435510385,0.468356236517267,0.15287838353031966,,,,,,,,0.0,0.0,0.07160154435510385,0.6880711999311139,0.10406124302582673,,,,,,,,0.0,0.0,0.4088965999331242,0.6880711999311139,0.5942649539379948,,,,,,,,0.0,0.0,0.7775284910081878,0.6880711999311139,1.1300116776956075,,,,,,,,0.0,0.0,4.475542915861807,0.6880711999311139,6.504476449980576,,,,,,,,,,False,False,False,False,False,False,False,False,True,False,False,False,False,False,False,False,True,False,True,False,True,False,True,False,False,False,expired,False,False,True,,False,True,untouched,untouched,continuation_without_touch,False,False,False,0.125,0.22361865218780086,0.14812901807076825,0.0
2909,bull,17892,5048.885,5053.985,5051.4349999999995,5.099999999999454,0.10732972130289838,0.06016634224030478,0.06016634224030478,4,17933.0,17933.0,17933.0,,,17891,,17933.0,2026-02-20 18:00:00+00:00,full_fill,,,,,unknown,xs,dirty,True,True,False,False,False,False,True,17933.0,True,41.0,41.0,41.0,,late,1.0,17933.0,full_fill,1.0,True,,,unknown,,,False,,,False,,,False,,,False,,,False,False,False,False,False,0.0,0.0,1.3554060197086044,-0.2121340373986909,1355406019708.6045,0.8699284924119932,0.0028232209836003917,308.1333333328348,True,False,1.0,0.0,0.0,0.0,1.452423669749071,-0.2121340373986909,1452423669749.0708,1.3980590310766543,0.0028232209836003917,495.19999999919963,True,False,1.0,0.0,0.0,0.0,2.341050627006994,-0.2121340373986909,2341050627006.994,1.588971507811814,0.0028232209836003917,562.8222222213132,True,False,1.0,0.0,0.0,0.0,2.9875543600315857,-0.07123747188438692,2987554360031.586,1.588971507811814,0.0028232209836003917,562.8222222213132,True,False,1.0,0.0,0.0,0.0,2.9875543600315857,0.29926051704458934,9.983122362869022,1.588971507811814,0.6401183043472979,2.4823091247672138,True,False,3.0,0.0,True,False,True,True,True,True,True,True,True,False,True,True,True,True,True,True,True,False,True,True,True,True,True,True,True,False,True,False,full_fill,True,False,True,,False,True,touched_rejected,touched_rejected,touched_rejected,True,True,False,0.7674413989394129,0.7090249513360457,0.6136596367577416,0.00035290262295004896
2910,bull,17893,5076.465,5117.965,5097.215,41.5,0.8517467352987365,0.7581985932218792,0.7581985932218792,7,,,,,,17892,17894.0,17894.0,2026-02-22 22:00:00+00:00,merged,,,,,unknown,l,clean,True,False,False,False,True,False,False,,False,,,,,untouched,,17894.0,merged,0.0,False,17897.0,4.0,4_7,17897.0,4.0,True,17897.0,4.0,True,17898.0,5.0,True,17897.0,4.0,True,17898.0,5.0,True,False,False,False,False,0.0,0.0,0.4005262057675746,0.11318995771500748,3.5385312783315066,,,,,,,,0.0,0.0,0.4005262057675746,0.7212139826119971,0.5553500284575764,,,,,,,,0.0,0.0,1.6533122472768478,0.7212139826119971,2.2924018212862443,,,,,,,,0.5855421686747032,0.5855421686747032,1.8976506782101494,1.3077904089936314,1.451035781544251,,,,,,,,0.0,0.5855421686747032,1.8976506782101494,1.3077904089936314,1.451035781544251,,,,,,,,,,True,False,True,False,True,False,False,False,True,False,True,False,True,False,False,False,True,False,True,False,True,False,False,False,False,False,merged,False,True,True,,False,True,continuation_without_touch,continuation_without_touch,continuation_without_touch,False,False,False,0.125,0.19662135524834123,0.23147157018525016,0.11710843373494065
2911,bull,17894,5108.72,5151.87,5130.295,43.149999999999636,0.9174796150427488,0.7942936033133876,0.7942936033133876,7,,,,,,17893,17894.0,17894.0,2026-02-23 02:00:00+00:00,merged,,,,,unknown,l,clean,True,False,False,False,True,False,False,,False,,,,,untouched,,17894.0,merged,0.0,False,17897.0,3.0,1_3,17897.0,3.0,True,17897.0,3.0,True,17898.0,4.0,True,17897.0,3.0,True,17898.0,4.0,True,False,False,False,False,0.6865585168018598,0.6865585168018598,0.07239902871889577,0.7676848551823675,0.09430826755296222,,,,,,,,0.23765932792584463,0.6865585168018598,1.2922322967375015,0.7676848551823675,1.683284863592268,,,,,,,,0.1536500579374314,0.6865585168018598,1.9454182474701485,0.7676848551823675,2.5341365461847025,,,,,,,,0.2786790266512106,1.0,1.9454182474701485,1.3753689200241268,1.4144701244492437,,,,,,,,0.0,1.0,1.9454182474701485,1.3753689200241268,1.4144701244492437,,,,,,,,,,True,False,True,False,True,False,False,False,True,False,True,False,True,False,False,False,True,False,True,False,True,False,False,False,False,False,merged,False,True,True,,False,True,continuation_without_touch,continuation_without_touch,continuation_without_touch,False,False,False,0.125,0.11914404049700814,0.22086662546328523,0.2
2912,bull,17898,5165.555,5201.02,5183.2875,35.465000000000146,0.7653040928765547,0.4575538640175467,0.4575538640175467,4,17899.0,17899.0,17899.0,,,17897,,17899.0,2026-02-23 18:00:00+00:00,full_fill,,,,,unknown,l,mixed,True,True,False,False,False,False,True,17899.0,True,1.0,1.0,1.0,,immediate,1.0,17899.0,full_fill,1.0,True,,,unknown,,,False,,,False,,,False,,,False,,,False,False,False,False,False,1.0,1.0,0.47884104951166134,1.7784445739298171,0.2692471030759027,0.289192078231428,0.321269528880874,0.9001540832048835,True,False,1.0,1.0,1.0,1.0,0.47884104951166134,1.7784445739298171,0.2692471030759027,0.289192078231428,1.3083441676920318,0.22103670071887407,False,True,1.0,1.0,1.0,1.0,0.47884104951166134,2.8913885635000414,0.16560937383387228,0.289192078231428,1.6569389323113113,0.17453393881452572,False,True,1.0,1.0,1.0,1.0,0.47884104951166134,2.8913885635000414,0.16560937383387228,0.8001541856441159,1.6569389323113113,0.4829110898661534,False,True,1.0,1.0,0.7731566333004359,1.0,0.47884104951166134,2.8913885635000414,0.16560937383387228,0.8001541856441159,1.6569389323113113,0.4829110898661534,False,True,1.0,1.0,False,True,False,False,False,False,False,False,False,False,False,True,False,False,False,False,False,False,False,True,False,False,False,False,False,False,False,False,full_fill,False,False,True,,False,True,invalidated,invalidated,invalidated,False,False,False,0.1007210491073717,0.068633079602632,0.1745953926265864,0.40711736653891395
2913,bear,17900,5191.95,5201.02,5196.485000000001,9.070000000000618,0.1847341977386466,0.0867071363701599,0.0867071363701599,5,17906.0,17906.0,,17906.0,,17899,,17906.0,2026-02-24 02:00:00+00:00,invalidated,,,,,unknown,xs,dirty,True,False,True,False,False,False,True,17906.0,True,6.0,6.0,,6.0,delayed,1.0,17906.0,invalidated,1.0,True,,,unknown,,,False,,,False,,,False,,,False,,,False,False,False,False,False,0.0,0.0,0.5305761688083186,0.05631643404048683,9.42133815551742,0.5016082748040083,0.0012016968052699114,417.41666667021116,True,False,1.0,0.0,0.0,0.0,1.8088471996877795,0.05631643404048683,32.11934900543186,0.9330174278995679,0.32185446101418425,2.898879900435649,False,True,1.0,0.0,0.0,0.0,1.8088471996877795,0.1509239697070839,11.985155195681802,1.1279927345562777,0.32185446101418425,3.5046670815184586,False,True,1.0,0.0,1.0,1.0,1.8088471996877795,0.7185691837066109,2.517290249433136,1.42150717924594,0.32185446101418425,4.416614810205454,False,True,2.0,1.0,1.0,1.0,1.8088471996877795,1.18702415040877,1.5238503774880026,1.42150717924594,4.365664352182197,0.32561073517605477,False,True,2.0,1.0,False,True,True,True,True,True,True,False,False,False,True,True,True,True,True,False,False,False,True,True,True,True,True,False,False,False,False,True,invalidated,False,False,True,,False,True,invalidated,invalidated,invalidated,False,False,False,0.43536673928448255,0.16300607045552398,0.3048344505854993,0.6235651409601063
2914,bull,17921,5199.465,5213.94,5206.702499999999,14.474999999999454,0.32448380660645515,0.20112546894538563,0.20112546894538563,5,17932.0,17932.0,,17932.0,,17920,,17932.0,2026-02-27 14:00:00+00:00,invalidated,,,,,unknown,s,mixed,True,False,True,False,False,False,True,17932.0,True,11.0,11.0,,11.0,late,1.0,17932.0,invalidated,1.0,True,,,unknown,,,False,,,False,,,False,,,False,,,False,False,False,False,False,0.0,0.0,1.0396931917380305,0.270683382713163,3.840993788819943,0.2610907697358164,2.230066441636183,0.11707757439919865,False,True,1.0,0.0,0.0,0.0,3.5656230935284854,0.270683382713163,13.172670807453647,0.30440920640562474,2.230066441636183,0.13650230357364687,False,True,1.0,0.0,0.0,0.0,4.145322660978789,0.270683382713163,15.314285714285953,0.474211924505559,2.230066441636183,0.2126447515875954,False,True,1.0,0.0,0.0,0.0,4.145322660978789,0.270683382713163,15.314285714285953,0.6854587238424702,2.230066441636183,0.30737143568671177,False,True,1.0,0.0,1.0,1.0,4.145322660978789,5.3456325348816085,0.7754597110687103,0.6854587238424702,2.230066441636183,0.30737143568671177,False,True,1.0,1.0,False,True,True,False,True,False,True,False,True,False,True,True,True,False,True,False,True,False,True,True,True,False,True,False,True,False,False,True,invalidated,False,False,True,,False,True,invalidated,invalidated,invalidated,False,False,False,0.0948423849011118,0.3801688203418078,0.1904700243285908,0.6181818181818182
2915,bull,17923,5257.745,5303.44,5280.5925,45.69499999999971,0.903691143416121,0.7817124283636946,0.7817124283636946,7,,,,,,17922,17924.0,17924.0,2026-03-01 22:00:00+00:00,merged,,,,,unknown,l,clean,True,False,False,False,True,False,False,,False,,,,,untouched,,17924.0,merged,0.0,False,17925.0,2.0,1_3,17924.0,1.0,True,17925.0,2.0,True,17925.0,2.0,True,17925.0,2.0,True,17925.0,2.0,True,False,False,False,False,0.0,0.0,0.8289356445188077,0.15949817423461432,5.197148171109986,,,,,,,,0.0,0.0,1.8638444427454377,0.15949817423461432,11.68567885926901,,,,,,,,0.29685961264907945,0.9388335704125158,1.8638444427454377,1.2830060822654825,1.452716763005779,,,,,,,,1.0,1.0,1.8638444427454377,6.509265848429462,0.28633712098195235,,,,,,,,1.0,1.0,1.8638444427454377,6.509265848429462,0.28633712098195235,,,,,,,,,,True,False,True,False,True,False,False,False,True,False,True,False,True,False,False,False,True,False,True,False,True,False,False,False,False,False,merged,False,True,True,,False,True,continuation_without_touch,continuation_without_touch,continuation_without_touch,False,False,False,0.125,0.11725686425455419,0.21855636851912136,0.2
2916,bull,17924,5281.12,5317.35,5299.235000000001,36.23000000000047,0.7170981821924658,0.400951748561313,0.400951748561313,7,,,,,,17923,17924.0,17924.0,2026-03-02 02:00:00+00:00,merged,,,,,unknown,m,mixed,True,False,False,False,True,False,False,,False,,,,,untouched,,17924.0,merged,0.0,False,17925.0,1.0,1_3,17925.0,1.0,True,17925.0,1.0,True,,,False,17925.0,1.0,True,,,False,False,False,False,False,0.0,0.0,1.0612973924692088,0.04364343063025985,24.31746031746107,,,,,,,,1.0,1.0,1.0612973924692088,2.088155070971685,0.5082464454976293,,,,,,,,0.0,1.0,1.0612973924692088,2.088155070971685,0.5082464454976293,,,,,,,,1.0,1.0,1.0612973924692088,7.318736112017496,0.14501102051302814,,,,,,,,1.0,1.0,1.0612973924692088,7.318736112017496,0.14501102051302814,,,,,,,,,,True,False,True,False,False,False,False,False,True,False,True,False,False,False,False,False,True,False,True,False,False,False,False,False,False,False,merged,False,True,True,,False,True,continuation_without_touch,continuation_without_touch,continuation_without_touch,False,False,False,0.125,0.060142762284196946,0.17939878153004468,0.2
2917,bull,17926,5367.33,5374.85,5371.09,7.520000000000437,0.14956710293015288,0.13470667263771538,0.13470667263771538,5,17927.0,17927.0,,17927.0,,17925,,17927.0,2026-03-02 10:00:00+00:00,invalidated,,,,,unknown,xs,dirty,True,False,True,False,False,False,True,17927.0,True,1.0,1.0,,1.0,immediate,1.0,17927.0,invalidated,1.0,True,,,unknown,,,False,,,False,,,False,,,False,,,False,False,False,False,False,1.0,1.0,0.0256571227100905,2.6560094315547143,0.009660026958214498,0.7036847414299529,0.3031899308583468,2.320937042459768,False,True,1.0,1.0,1.0,1.0,0.0256571227100905,2.6560094315547143,0.009660026958214498,1.2966585476387218,0.3031899308583468,4.276720351391,False,True,1.0,1.0,1.0,1.0,0.0256571227100905,3.3225973909568194,0.007722007722007491,1.2966585476387218,4.127910932725901,0.3141197978277265,False,True,1.0,1.0,1.0,1.0,0.0256571227100905,7.912040077277401,0.003242794836666112,1.2966585476387218,5.5164586687799675,0.23505270781363322,False,True,1.0,1.0,1.0,1.0,0.0256571227100905,7.912040077277401,0.003242794836666112,1.2966585476387218,5.5164586687799675,0.23505270781363322,False,True,1.0,1.0,False,True,False,True,False,True,False,False,False,False,False,True,False,True,False,False,False,False,False,True,False,True,False,False,False,False,False,False,invalidated,False,False,True,,False,True,invalidated,invalidated,invalidated,False,False,True,0.25933170952774437,0.020206000895657307,0.16762622085486079,1.0
2918,bear,17928,5346.58,5374.85,5360.715,28.270000000000437,0.501726064448159,0.2096714381072495,0.2096714381072495,4,17929.0,17929.0,17929.0,,,17927,,17929.0,2026-03-02 18:00:00+00:00,full_fill,,,,,unknown,m,mixed,True,True,False,False,False,False,True,17929.0,True,1.0,1.0,1.0,,immediate,1.0,17929.0,full_fill,1.0,True,,,unknown,,,False,,,False,,,False,,,False,,,False,False,False,False,False,1.0,1.0,-0.1292916299789588,1.0247493088516662,-0.1261690335989033,0.605898516618897,0.6428370665355763,0.9425382389417102,True,False,1.0,1.0,0.0,1.0,1.689753752957499,1.0247493088516662,1.6489435400069083,4.696776483650189,0.6428370665355763,7.306324927656077,True,False,1.0,1.0,0.0,1.0,5.785023981871928,1.0247493088516662,5.6453065465880865,6.08219355966184,0.6428370665355763,9.4614854623123,True,False,1.0,1.0,0.0,1.0,5.785023981871928,1.0247493088516662,5.6453065465880865,6.08219355966184,0.6428370665355763,9.4614854623123,True,False,1.0,1.0,0.0,1.0,5.785023981871928,1.0247493088516662,5.6453065465880865,6.08219355966184,0.6428370665355763,9.4614854623123,True,False,1.0,1.0,True,False,True,True,True,True,True,True,True,True,True,True,True,True,True,True,True,True,True,True,True,True,True,True,True,True,False,False,full_fill,True,False,True,,False,True,full_fill,full_fill,full_fill,False,False,False,0.769645366683053,0.5314507157160874,0.6230644391977889,0.28035463331694704
2919,bear,17932,5288.045,5305.385,5296.715,17.340000000000146,0.24075054226106055,0.15895132459437275,0.15895132459437275,6,,,,,17980.0,17931,,17980.0,2026-03-03 10:00:00+00:00,expired,,,,,unknown,xs,dirty,True,False,False,True,False,False,False,,False,,,,,untouched,,17980.0,expired,0.0,False,17933.0,1.0,1_3,17933.0,1.0,True,17933.0,1.0,True,17933.0,1.0,True,17933.0,1.0,True,17933.0,1.0,True,True,True,True,True,0.0,0.0,2.230066441636183,0.2610907697358164,8.541345386865519,,,,,,,,0.0,0.0,2.230066441636183,0.30440920640562474,7.325883694413051,,,,,,,,0.0,0.0,2.230066441636183,0.474211924505559,4.702678963548587,,,,,,,,0.0,0.0,2.230066441636183,0.6854587238424702,3.2533927486327965,,,,,,,,0.0,0.0,2.230066441636183,0.6854587238424702,3.2533927486327965,,,,,,,,,,True,False,True,False,True,False,True,False,True,False,True,False,True,False,True,False,True,False,True,False,True,False,True,False,False,False,expired,False,False,True,,False,True,continuation_without_touch,continuation_without_touch,continuation_without_touch,False,False,False,0.125,0.22384269868915593,0.15681074697376374,0.0
2920,bear,17933,5175.7,5227.025,5201.362499999999,51.32499999999982,0.6440080754802457,0.2403193332396867,0.2403193332396867,5,17960.0,17935.0,,17963.0,,17932,,17963.0,2026-03-03 14:00:00+00:00,invalidated,,,,,unknown,m,mixed,True,False,True,False,False,False,True,17960.0,True,27.0,2.0,,30.0,late,0.22055528494886817,17963.0,invalidated,1.0,True,,,unknown,,,False,,,False,,,False,,,False,,,False,False,False,False,False,0.0,0.0,0.0028232209836003917,0.8699284924119932,0.0032453483340597724,0.08359810917009021,0.4858851428007114,0.17205323193917552,True,False,1.0,0.0,0.29907452508524923,0.29907452508524923,0.0028232209836003917,1.3980590310766543,0.0020193861066268503,0.11308068358274419,1.1505901821042963,0.09828059142303187,False,True,1.0,0.29907452508524923,0.5955187530443374,0.5955187530443374,0.0028232209836003917,1.588971507811814,0.001776759979471421,0.11308068358274419,1.1505901821042963,0.09828059142303187,False,True,1.0,0.5955187530443374,0.09137847053094059,0.5955187530443374,0.0028232209836003917,1.588971507811814,0.001776759979471421,0.22161966510191905,1.1505901821042963,0.1926139024553489,False,True,1.0,0.5955187530443374,0.0,0.5955187530443374,0.6401183043472979,1.588971507811814,0.4028507126781714,1.6717312493984828,1.1505901821042963,1.4529336990700545,False,True,2.0,0.5955187530443374,True,False,False,False,False,False,False,False,False,False,False,False,False,False,False,False,False,False,True,True,False,True,False,True,False,False,False,False,invalidated,True,False,True,,False,True,invalidated,invalidated,invalidated,False,False,False,0.24570907121118157,0.3169441493770856,0.3002437699077874,0.6195941900385712
2921,bear,17940,5146.825,5156.52,5151.672500000001,9.695000000000618,0.13525415397292923,0.1497412927639298,0.1497412927639298,5,17941.0,17941.0,,17941.0,,17939,,17941.0,2026-03-04 18:00:00+00:00,invalidated,,,,,unknown,xs,dirty,True,False,True,False,False,False,True,17941.0,True,1.0,1.0,,1.0,immediate,1.0,17941.0,invalidated,1.0,True,,,unknown,,,False,,,False,,,False,,,False,,,False,False,False,False,False,1.0,1.0,-0.04959551494313039,0.6303722482997781,-0.07867655195306897,0.3495617784567677,0.3190404999934494,1.095665843251703,True,False,1.0,1.0,1.0,1.0,0.28606358197160925,0.750838428759417,0.38099219620959157,1.3129881434717887,0.3190404999934494,4.115427801482092,False,True,1.0,1.0,0.0,1.0,1.2132416194177473,0.750838428759417,1.6158491267187034,1.7477372460902874,0.3190404999934494,5.478104648551429,False,True,1.0,1.0,0.0,1.0,1.261372287927964,0.750838428759417,1.6799516908212644,1.7477372460902874,0.3190404999934494,5.478104648551429,False,True,2.0,1.0,1.0,1.0,1.7607454123695012,0.750838428759417,2.345039018952076,2.2606523459000956,0.3230526868336957,6.9977822133510275,False,True,3.0,1.0,False,True,True,True,True,True,False,True,False,False,True,True,True,True,False,True,False,False,True,True,True,True,True,True,False,True,False,False,invalidated,False,False,True,,False,True,invalidated,invalidated,invalidated,False,False,False,0.5596673867188763,0.02246119391458947,0.33146624837041994,0.7898800624991811
2922,bull,17948,5094.85,5114.32,5104.585,19.469999999999345,0.2971120777256138,0.251436688835788,0.251436688835788,5,17949.0,17949.0,,17949.0,,17947,,17949.0,2026-03-06 02:00:00+00:00,invalidated,,,,,unknown,s,mixed,True,False,True,False,False,False,True,17949.0,True,1.0,1.0,,1.0,immediate,1.0,17949.0,invalidated,1.0,True,,,unknown,,,False,,,False,,,False,,,False,,,False,False,False,False,False,1.0,1.0,0.0866004643601936,0.5201368859413404,0.16649552589115965,0.7154963414634312,0.35319486945841366,2.025783507446096,False,True,1.0,1.0,1.0,1.0,0.8302199583288387,0.8277783593336637,1.0029495806065047,1.427459949180343,0.35319486945841366,4.0415647921760565,False,True,1.0,1.0,1.0,1.0,0.9028575284353633,1.3558504420093367,0.6658975801913306,1.427459949180343,1.108807365243532,1.287383177570095,False,True,2.0,1.0,1.0,1.0,0.9028575284353633,1.5621655571018016,0.577952525153854,1.427459949180343,1.108807365243532,1.287383177570095,False,True,2.0,1.0,0.0,1.0,1.8482141393805271,1.5621655571018016,1.1831102862166643,2.400139307391002,1.108807365243532,2.164613423959219,False,True,2.0,1.0,False,True,True,True,False,True,False,False,False,False,True,True,False,True,False,False,False,False,True,True,True,True,True,True,False,True,False,False,invalidated,False,False,True,,False,True,invalidated,invalidated,invalidated,False,False,True,0.3968910691806271,0.0377155033253682,0.2673339075774355,0.8886009206554415
2923,bull,17952,5131.285,5138.91,5135.0975,7.625,0.11930177524778927,0.0838234485791237,0.0838234485791237,5,17953.0,17953.0,,17953.0,,17951,,17953.0,2026-03-06 18:00:00+00:00,invalidated,,,,,unknown,xs,dirty,True,False,True,False,False,False,True,17953.0,True,1.0,1.0,,1.0,immediate,1.0,17953.0,invalidated,1.0,True,,,unknown,,,False,,,False,,,False,,,False,,,False,False,False,False,False,1.0,1.0,-0.022061049586802033,2.2375536889424747,-0.009859450388083717,0.7506832273468211,0.5022044915235674,1.494776012594848,False,True,1.0,1.0,1.0,1.0,-0.022061049586802033,2.449089426824449,-0.009007857918608937,1.3047110247797264,0.5022044915235674,2.5979676542150143,False,True,1.0,1.0,1.0,1.0,-0.022061049586802033,2.449089426824449,-0.009007857918608937,1.4112327159830933,0.5022044915235674,2.810075855159625,False,True,1.0,1.0,0.0,1.0,0.3720650774285113,2.449089426824449,0.15191975979045413,2.7104810899318763,0.5022044915235674,5.397166165736452,False,True,1.0,1.0,0.0,1.0,1.047586932684029,2.449089426824449,0.4277454800996616,2.7104810899318763,0.5022044915235674,5.397166165736452,False,True,3.0,1.0,False,True,False,True,False,True,False,False,False,False,False,True,False,True,False,True,False,True,True,True,True,True,False,True,False,True,False,False,invalidated,False,False,True,,False,True,invalidated,invalidated,invalidated,False,False,False,0.46947098175617274,0.012573517286868554,0.27725932265398406,0.8127755614404459
2924,bear,17954,5102.25,5138.91,5120.58,36.659999999999854,0.5176515007036095,0.2588983050847441,0.2588983050847441,4,17955.0,17955.0,17955.0,,,17953,,17955.0,2026-03-09 01:00:00+00:00,full_fill,,,,,unknown,m,mixed,True,True,False,False,False,False,True,17955.0,True,1.0,1.0,1.0,,immediate,1.0,17955.0,full_fill,1.0,True,,,unknown,,,False,,,False,,,False,,,False,,,False,False,False,False,False,1.0,1.0,0.12955407853124004,0.7120885210170018,0.18193535593890975,0.23986419750442545,0.5147190043500712,0.4660099889012234,True,False,1.0,1.0,0.38011456628479146,1.0,0.41527906807673604,0.7120885210170018,0.5831846123339219,0.5109343057886819,0.7351598431997687,0.6949975716367348,True,False,1.0,1.0,1.0,1.0,0.41527906807673604,0.9298240949627118,0.4466211085801016,0.5109343057886819,1.2895824777411145,0.3962013400520573,False,True,1.0,1.0,1.0,1.0,0.41527906807673604,2.092916132959341,0.1984212656861409,0.5109343057886819,2.025956280856804,0.2521941419054714,False,True,1.0,1.0,1.0,1.0,0.41527906807673604,2.092916132959341,0.1984212656861409,0.5109343057886819,2.025956280856804,0.2521941419054714,False,True,1.0,1.0,True,False,False,True,False,False,False,False,False,False,False,True,False,False,False,False,False,False,False,True,False,False,False,False,False,False,False,False,full_fill,True,False,True,,False,True,invalidated,invalidated,invalidated,False,False,False,0.1909890514400971,0.23883474576271163,0.2337728648265459,0.3611978097176393
2925,bear,17976,5129.805,5163.78,5146.7925,33.974999999999454,0.6441614612191873,0.4454569293300074,0.4454569293300074,0,,,,,,17975,,,2026-03-12 17:00:00+00:00,unresolved,,,,,unknown,m,mixed,False,False,False,False,False,True,False,,False,,,,,untouched,,,none,0.0,False,,,unknown,,,False,,,False,,,False,,,False,,,False,False,False,False,False,0.0,0.0,0.029387792932740943,0.6864419633095218,0.04281176633062243,,,,,,,,0.0,0.0,0.33113406681952556,0.9346266145930775,0.35429556750178404,,,,,,,,0.0,0.0,1.1370231885008226,0.9346266145930775,1.2165534029820728,,,,,,,,0.0,0.0,1.3165731233866493,0.9346266145930775,1.4086621361193161,,,,,,,,0.0,0.0,1.3165731233866493,0.9346266145930775,1.4086621361193161,,,,,,,,,,True,False,True,False,False,False,False,False,True,False,True,False,False,False,False,False,True,False,True,False,False,False,False,False,False,False,unresolved,False,False,True,,True,True,continuation_without_touch,continuation_without_touch,continuation_without_touch,False,False,False,0.125,0.2668185393995011,0.2213428296791003,0.0
2926,bear,17982,5064.06,5079.965,5072.012500000001,15.904999999999745,0.2995516444541385,0.15593137254901712,0.15593137254901712,0,,,,,,17981,,,2026-03-13 17:00:00+00:00,unresolved,,,,,unknown,s,dirty,False,False,False,False,False,True,False,,False,,,,,untouched,,,none,0.0,False,,,unknown,,,False,,,False,,,False,,,False,,,False,False,False,False,False,,,,,,,,,,,,,,,,,,,,,,,,,,,,,,,,,,,,,,,,,,,,,,,,,,,,,,,,,,,,,,,False,False,False,False,False,False,False,False,False,False,False,False,False,False,False,False,False,False,False,False,False,False,False,False,False,False,unresolved,False,False,True,,True,True,untouched,untouched,untouched,False,False,False,0.125,0.023389705882352566,0.11453764573113995,0.0
